,sgRNA_seq,starting_frame,chr_pos,gene_pos,exon,sgRNA_strand,gene_strand,editing_window,gene,coding_seq
0,AAGTGCAGTTAGGGCTGGGAAGG,1,4,67545151,0,sense,plus,"(8, 12)",AR,AAGTGCAGTTAGGGCTGGGAAGG
1,AGTGCAGTTAGGGCTGGGAAGGG,2,5,67545152,0,sense,plus,"(9, 13)",AR,AGTGCAGTTAGGGCTGGGAAGGG
2,GTGCAGTTAGGGCTGGGAAGGGT,0,6,67545153,0,sense,plus,"(10, 14)",AR,GTGCAGTTAGGGCTGGGAAGGGT
3,AAGGGTCTACCCTCGGCCGCCGT,2,23,67545170,0,sense,plus,"(27, 31)",AR,AAGGGTCTACCCTCGGCCGCCGT
4,CTACCCTCGGCCGCCGTCCAAGA,2,29,67545176,0,sense,plus,"(33, 37)",AR,CTACCCTCGGCCGCCGTCCAAGA
5,GGCCGCCGTCCAAGACCTACCGA,1,37,67545184,0,sense,plus,"(41, 45)",AR,GGCCGCCGTCCAAGACCTACCGA
7,CGCCGTCCAAGACCTACCGAGGA,1,40,67545187,0,sense,plus,"(44, 48)",AR,CGCCGTCCAAGACCTACCGAGGA
9,GACCTACCGAGGAGCTTTCCAGA,2,50,67545197,0,sense,plus,"(54, 58)",AR,GACCTACCGAGGAGCTTTCCAGA
10,AGCTTTCCAGAATCTGTTCCAGA,2,62,67545209,0,sense,plus,"(66, 70)",AR,AGCTTTCCAGAATCTGTTCCAGA
11,CTTTCCAGAATCTGTTCCAGAGC,1,64,67545211,0,sense,plus,"(68, 72)",AR,CTTTCCAGAATCTGTTCCAGAGC
12,TTCCAGAATCTGTTCCAGAGCGT,0,66,67545213,0,sense,plus,"(70, 74)",AR,TTCCAGAATCTGTTCCAGAGCGT
14,AGAATCTGTTCCAGAGCGTGCGC,1,70,67545217,0,sense,plus,"(74, 78)",AR,AGAATCTGTTCCAGAGCGTGCGC
15,AATCTGTTCCAGAGCGTGCGCGA,0,72,67545219,0,sense,plus,"(76, 80)",AR,AATCTGTTCCAGAGCGTGCGCGA
16,CTGTTCCAGAGCGTGCGCGAAGT,0,75,67545222,0,sense,plus,"(79, 83)",AR,CTGTTCCAGAGCGTGCGCGAAGT
17,GTTCCAGAGCGTGCGCGAAGTGA,2,77,67545224,0,sense,plus,"(81, 85)",AR,GTTCCAGAGCGTGCGCGAAGTGA
18,GAGCGTGCGCGAAGTGATCCAGA,2,83,67545230,0,sense,plus,"(87, 91)",AR,GAGCGTGCGCGAAGTGATCCAGA
20,TGATCCAGAACCCGGGCCCCAGG,1,97,67545244,0,sense,plus,"(101, 105)",AR,TGATCCAGAACCCGGGCCCCAGG
21,GATCCAGAACCCGGGCCCCAGGC,2,98,67545245,0,sense,plus,"(102, 106)",AR,GATCCAGAACCCGGGCCCCAGGC
22,AACCCGGGCCCCAGGCACCCAGA,0,105,67545252,0,sense,plus,"(109, 113)",AR,AACCCGGGCCCCAGGCACCCAGA
25,GGCCCCAGGCACCCAGAGGCCGC,0,111,67545258,0,sense,plus,"(115, 119)",AR,GGCCCCAGGCACCCAGAGGCCGC
28,AGGCACCCAGAGGCCGCGAGCGC,0,117,67545264,0,sense,plus,"(121, 125)",AR,AGGCACCCAGAGGCCGCGAGCGC
29,CACCCAGAGGCCGCGAGCGCAGC,0,120,67545267,0,sense,plus,"(124, 128)",AR,CACCCAGAGGCCGCGAGCGCAGC
30,GCCGCGAGCGCAGCACCTCCCGG,0,129,67545276,0,sense,plus,"(133, 137)",AR,GCCGCGAGCGCAGCACCTCCCGG
31,CCGCGAGCGCAGCACCTCCCGGC,1,130,67545277,0,sense,plus,"(134, 138)",AR,CCGCGAGCGCAGCACCTCCCGGC
34,AGCACCTCCCGGCGCCAGTTTGC,2,140,67545287,0,sense,plus,"(144, 148)",AR,AGCACCTCCCGGCGCCAGTTTGC
37,CGGCGCCAGTTTGCTGCTGCTGC,2,149,67545296,0,sense,plus,"(153, 157)",AR,CGGCGCCAGTTTGCTGCTGCTGC
38,CGCCAGTTTGCTGCTGCTGCAGC,2,152,67545299,0,sense,plus,"(156, 160)",AR,CGCCAGTTTGCTGCTGCTGCAGC
39,CAGTTTGCTGCTGCTGCAGCAGC,2,155,67545302,0,sense,plus,"(159, 163)",AR,CAGTTTGCTGCTGCTGCAGCAGC
40,TTTGCTGCTGCTGCAGCAGCAGC,2,158,67545305,0,sense,plus,"(162, 166)",AR,TTTGCTGCTGCTGCAGCAGCAGC
44,CAGCAGCAGCAGCAGCAGCAAGA,0,219,67545366,0,sense,plus,"(223, 227)",AR,CAGCAGCAGCAGCAGCAGCAAGA
46,AGCAGCAGCAGCAAGAGACTAGC,1,226,67545373,0,sense,plus,"(230, 234)",AR,AGCAGCAGCAGCAAGAGACTAGC
47,AGCAGCAAGAGACTAGCCCCAGG,1,232,67545379,0,sense,plus,"(236, 240)",AR,AGCAGCAAGAGACTAGCCCCAGG
48,GCAGCAAGAGACTAGCCCCAGGC,2,233,67545380,0,sense,plus,"(237, 241)",AR,GCAGCAAGAGACTAGCCCCAGGC
49,AGAGACTAGCCCCAGGCAGCAGC,2,239,67545386,0,sense,plus,"(243, 247)",AR,AGAGACTAGCCCCAGGCAGCAGC
50,GACTAGCCCCAGGCAGCAGCAGC,2,242,67545389,0,sense,plus,"(246, 250)",AR,GACTAGCCCCAGGCAGCAGCAGC
51,TAGCCCCAGGCAGCAGCAGCAGC,2,245,67545392,0,sense,plus,"(249, 253)",AR,TAGCCCCAGGCAGCAGCAGCAGC
53,CAGGCAGCAGCAGCAGCAGCAGG,2,251,67545398,0,sense,plus,"(255, 259)",AR,CAGGCAGCAGCAGCAGCAGCAGG
54,AGGCAGCAGCAGCAGCAGCAGGG,0,252,67545399,0,sense,plus,"(256, 260)",AR,AGGCAGCAGCAGCAGCAGCAGGG
55,GGCAGCAGCAGCAGCAGCAGGGT,1,253,67545400,0,sense,plus,"(257, 261)",AR,GGCAGCAGCAGCAGCAGCAGGGT
56,CAGCAGCAGCAGCAGCAGGGTGA,0,255,67545402,0,sense,plus,"(259, 263)",AR,CAGCAGCAGCAGCAGCAGGGTGA
58,CAGCAGCAGCAGCAGGGTGAGGA,0,258,67545405,0,sense,plus,"(262, 266)",AR,CAGCAGCAGCAGCAGGGTGAGGA
59,CAGCAGCAGCAGGGTGAGGATGG,0,261,67545408,0,sense,plus,"(265, 269)",AR,CAGCAGCAGCAGGGTGAGGATGG
60,AGCAGCAGCAGGGTGAGGATGGT,1,262,67545409,0,sense,plus,"(266, 270)",AR,AGCAGCAGCAGGGTGAGGATGGT
61,ATGGTTCTCCCCAAGCCCATCGT,1,280,67545427,0,sense,plus,"(284, 288)",AR,ATGGTTCTCCCCAAGCCCATCGT
62,GTTCTCCCCAAGCCCATCGTAGA,1,283,67545430,0,sense,plus,"(287, 291)",AR,GTTCTCCCCAAGCCCATCGTAGA
64,CTCCCCAAGCCCATCGTAGAGGC,1,286,67545433,0,sense,plus,"(290, 294)",AR,CTCCCCAAGCCCATCGTAGAGGC
65,GCCCATCGTAGAGGCCCCACAGG,0,294,67545441,0,sense,plus,"(298, 302)",AR,GCCCATCGTAGAGGCCCCACAGG
66,CCCATCGTAGAGGCCCCACAGGC,1,295,67545442,0,sense,plus,"(299, 303)",AR,CCCATCGTAGAGGCCCCACAGGC
67,TAGAGGCCCCACAGGCTACCTGG,2,302,67545449,0,sense,plus,"(306, 310)",AR,TAGAGGCCCCACAGGCTACCTGG
68,AGAGGCCCCACAGGCTACCTGGT,0,303,67545450,0,sense,plus,"(307, 311)",AR,AGAGGCCCCACAGGCTACCTGGT
72,AGGCTACCTGGTCCTGGATGAGG,2,314,67545461,0,sense,plus,"(318, 322)",AR,AGGCTACCTGGTCCTGGATGAGG
73,GGCTACCTGGTCCTGGATGAGGA,0,315,67545462,0,sense,plus,"(319, 323)",AR,GGCTACCTGGTCCTGGATGAGGA
75,TGAGGAACAGCAACCTTCACAGC,2,332,67545479,0,sense,plus,"(336, 340)",AR,TGAGGAACAGCAACCTTCACAGC
76,GGAACAGCAACCTTCACAGCCGC,2,335,67545482,0,sense,plus,"(339, 343)",AR,GGAACAGCAACCTTCACAGCCGC
79,CAACCTTCACAGCCGCAGTCGGC,0,342,67545489,0,sense,plus,"(346, 350)",AR,CAACCTTCACAGCCGCAGTCGGC
80,TTCACAGCCGCAGTCGGCCCTGG,2,347,67545494,0,sense,plus,"(351, 355)",AR,TTCACAGCCGCAGTCGGCCCTGG
83,AGCCGCAGTCGGCCCTGGAGTGC,1,352,67545499,0,sense,plus,"(356, 360)",AR,AGCCGCAGTCGGCCCTGGAGTGC
84,TCGGCCCTGGAGTGCCACCCCGA,0,360,67545507,0,sense,plus,"(364, 368)",AR,TCGGCCCTGGAGTGCCACCCCGA
85,GGCCCTGGAGTGCCACCCCGAGA,2,362,67545509,0,sense,plus,"(366, 370)",AR,GGCCCTGGAGTGCCACCCCGAGA
86,TGGAGTGCCACCCCGAGAGAGGT,1,367,67545514,0,sense,plus,"(371, 375)",AR,TGGAGTGCCACCCCGAGAGAGGT
87,AGTGCCACCCCGAGAGAGGTTGC,1,370,67545517,0,sense,plus,"(374, 378)",AR,AGTGCCACCCCGAGAGAGGTTGC
88,TGCCACCCCGAGAGAGGTTGCGT,0,372,67545519,0,sense,plus,"(376, 380)",AR,TGCCACCCCGAGAGAGGTTGCGT
89,GAGGTTGCGTCCCAGAGCCTGGA,1,385,67545532,0,sense,plus,"(389, 393)",AR,GAGGTTGCGTCCCAGAGCCTGGA
90,GGTTGCGTCCCAGAGCCTGGAGC,0,387,67545534,0,sense,plus,"(391, 395)",AR,GGTTGCGTCCCAGAGCCTGGAGC
91,TGCGTCCCAGAGCCTGGAGCCGC,0,390,67545537,0,sense,plus,"(394, 398)",AR,TGCGTCCCAGAGCCTGGAGCCGC
92,GTCCCAGAGCCTGGAGCCGCCGT,0,393,67545540,0,sense,plus,"(397, 401)",AR,GTCCCAGAGCCTGGAGCCGCCGT
95,GAGCCTGGAGCCGCCGTGGCCGC,0,399,67545546,0,sense,plus,"(403, 407)",AR,GAGCCTGGAGCCGCCGTGGCCGC
96,CTGGAGCCGCCGTGGCCGCCAGC,1,403,67545550,0,sense,plus,"(407, 411)",AR,CTGGAGCCGCCGTGGCCGCCAGC
97,AGCCGCCGTGGCCGCCAGCAAGG,2,407,67545554,0,sense,plus,"(411, 415)",AR,AGCCGCCGTGGCCGCCAGCAAGG
100,CGCCGTGGCCGCCAGCAAGGGGC,2,410,67545557,0,sense,plus,"(414, 418)",AR,CGCCGTGGCCGCCAGCAAGGGGC
101,CGTGGCCGCCAGCAAGGGGCTGC,2,413,67545560,0,sense,plus,"(417, 421)",AR,CGTGGCCGCCAGCAAGGGGCTGC
102,GGCCGCCAGCAAGGGGCTGCCGC,2,416,67545563,0,sense,plus,"(420, 424)",AR,GGCCGCCAGCAAGGGGCTGCCGC
103,CGCCAGCAAGGGGCTGCCGCAGC,2,419,67545566,0,sense,plus,"(423, 427)",AR,CGCCAGCAAGGGGCTGCCGCAGC
104,CAGCAAGGGGCTGCCGCAGCAGC,2,422,67545569,0,sense,plus,"(426, 430)",AR,CAGCAAGGGGCTGCCGCAGCAGC
105,CAAGGGGCTGCCGCAGCAGCTGC,2,425,67545572,0,sense,plus,"(429, 433)",AR,CAAGGGGCTGCCGCAGCAGCTGC
106,GGGCTGCCGCAGCAGCTGCCAGC,0,429,67545576,0,sense,plus,"(433, 437)",AR,GGGCTGCCGCAGCAGCTGCCAGC
107,GCAGCAGCTGCCAGCACCTCCGG,2,437,67545584,0,sense,plus,"(441, 445)",AR,GCAGCAGCTGCCAGCACCTCCGG
108,CAGCAGCTGCCAGCACCTCCGGA,0,438,67545585,0,sense,plus,"(442, 446)",AR,CAGCAGCTGCCAGCACCTCCGGA
109,CAGCTGCCAGCACCTCCGGACGA,0,441,67545588,0,sense,plus,"(445, 449)",AR,CAGCTGCCAGCACCTCCGGACGA
111,CTGCCAGCACCTCCGGACGAGGA,0,444,67545591,0,sense,plus,"(448, 452)",AR,CTGCCAGCACCTCCGGACGAGGA
115,TGACTCAGCTGCCCCATCCACGT,2,467,67545614,0,sense,plus,"(471, 475)",AR,TGACTCAGCTGCCCCATCCACGT
116,CTCAGCTGCCCCATCCACGTTGT,2,470,67545617,0,sense,plus,"(474, 478)",AR,CTCAGCTGCCCCATCCACGTTGT
117,TGCCCCATCCACGTTGTCCCTGC,2,476,67545623,0,sense,plus,"(480, 484)",AR,TGCCCCATCCACGTTGTCCCTGC
120,CATCCACGTTGTCCCTGCTGGGC,1,481,67545628,0,sense,plus,"(485, 489)",AR,CATCCACGTTGTCCCTGCTGGGC
121,CTGCTGGGCCCCACTTTCCCCGG,0,495,67545642,0,sense,plus,"(499, 503)",AR,CTGCTGGGCCCCACTTTCCCCGG
122,TGCTGGGCCCCACTTTCCCCGGC,1,496,67545643,0,sense,plus,"(500, 504)",AR,TGCTGGGCCCCACTTTCCCCGGC
125,CTTTCCCCGGCTTAAGCAGCTGC,1,508,67545655,0,sense,plus,"(512, 516)",AR,CTTTCCCCGGCTTAAGCAGCTGC
127,AGCTGCTCCGCTGACCTTAAAGA,0,525,67545672,0,sense,plus,"(529, 533)",AR,AGCTGCTCCGCTGACCTTAAAGA
128,CGCTGACCTTAAAGACATCCTGA,2,533,67545680,0,sense,plus,"(537, 541)",AR,CGCTGACCTTAAAGACATCCTGA
129,CTGACCTTAAAGACATCCTGAGC,1,535,67545682,0,sense,plus,"(539, 543)",AR,CTGACCTTAAAGACATCCTGAGC
130,GACCTTAAAGACATCCTGAGCGA,0,537,67545684,0,sense,plus,"(541, 545)",AR,GACCTTAAAGACATCCTGAGCGA
131,AAGACATCCTGAGCGAGGCCAGC,1,544,67545691,0,sense,plus,"(548, 552)",AR,AAGACATCCTGAGCGAGGCCAGC
132,CCTGAGCGAGGCCAGCACCATGC,2,551,67545698,0,sense,plus,"(555, 559)",AR,CCTGAGCGAGGCCAGCACCATGC
133,CAGCACCATGCAACTCCTTCAGC,2,563,67545710,0,sense,plus,"(567, 571)",AR,CAGCACCATGCAACTCCTTCAGC
134,CATGCAACTCCTTCAGCAACAGC,2,569,67545716,0,sense,plus,"(573, 577)",AR,CATGCAACTCCTTCAGCAACAGC
137,CTCCTTCAGCAACAGCAGCAGGA,0,576,67545723,0,sense,plus,"(580, 584)",AR,CTCCTTCAGCAACAGCAGCAGGA
138,CTTCAGCAACAGCAGCAGGAAGC,0,579,67545726,0,sense,plus,"(583, 587)",AR,CTTCAGCAACAGCAGCAGGAAGC
139,CAGCAACAGCAGCAGGAAGCAGT,0,582,67545729,0,sense,plus,"(586, 590)",AR,CAGCAACAGCAGCAGGAAGCAGT
140,CAGCAGCAGGAAGCAGTATCCGA,0,588,67545735,0,sense,plus,"(592, 596)",AR,CAGCAGCAGGAAGCAGTATCCGA
141,CAGCAGGAAGCAGTATCCGAAGG,0,591,67545738,0,sense,plus,"(595, 599)",AR,CAGCAGGAAGCAGTATCCGAAGG
142,AGGAAGCAGTATCCGAAGGCAGC,1,595,67545742,0,sense,plus,"(599, 603)",AR,AGGAAGCAGTATCCGAAGGCAGC
143,AAGCAGTATCCGAAGGCAGCAGC,1,598,67545745,0,sense,plus,"(602, 606)",AR,AAGCAGTATCCGAAGGCAGCAGC
144,CAGTATCCGAAGGCAGCAGCAGC,1,601,67545748,0,sense,plus,"(605, 609)",AR,CAGTATCCGAAGGCAGCAGCAGC
145,GTATCCGAAGGCAGCAGCAGCGG,0,603,67545750,0,sense,plus,"(607, 611)",AR,GTATCCGAAGGCAGCAGCAGCGG
146,TATCCGAAGGCAGCAGCAGCGGG,1,604,67545751,0,sense,plus,"(608, 612)",AR,TATCCGAAGGCAGCAGCAGCGGG
147,ATCCGAAGGCAGCAGCAGCGGGA,2,605,67545752,0,sense,plus,"(609, 613)",AR,ATCCGAAGGCAGCAGCAGCGGGA
149,GAAGGCAGCAGCAGCGGGAGAGC,0,609,67545756,0,sense,plus,"(613, 617)",AR,GAAGGCAGCAGCAGCGGGAGAGC
150,AGGCAGCAGCAGCGGGAGAGCGA,2,611,67545758,0,sense,plus,"(615, 619)",AR,AGGCAGCAGCAGCGGGAGAGCGA
152,CAGCAGCAGCGGGAGAGCGAGGG,2,614,67545761,0,sense,plus,"(618, 622)",AR,CAGCAGCAGCGGGAGAGCGAGGG
153,AGCAGCAGCGGGAGAGCGAGGGA,0,615,67545762,0,sense,plus,"(619, 623)",AR,AGCAGCAGCGGGAGAGCGAGGGA
154,CAGCAGCGGGAGAGCGAGGGAGG,2,617,67545764,0,sense,plus,"(621, 625)",AR,CAGCAGCGGGAGAGCGAGGGAGG
155,AGCAGCGGGAGAGCGAGGGAGGC,0,618,67545765,0,sense,plus,"(622, 626)",AR,AGCAGCGGGAGAGCGAGGGAGGC
156,GGGAGAGCGAGGGAGGCCTCGGG,0,624,67545771,0,sense,plus,"(628, 632)",AR,GGGAGAGCGAGGGAGGCCTCGGG
157,GGAGAGCGAGGGAGGCCTCGGGG,1,625,67545772,0,sense,plus,"(629, 633)",AR,GGAGAGCGAGGGAGGCCTCGGGG
158,GAGAGCGAGGGAGGCCTCGGGGG,2,626,67545773,0,sense,plus,"(630, 634)",AR,GAGAGCGAGGGAGGCCTCGGGGG
159,AGAGCGAGGGAGGCCTCGGGGGC,0,627,67545774,0,sense,plus,"(631, 635)",AR,AGAGCGAGGGAGGCCTCGGGGGC
160,GGGGGCTCCCACTTCCTCCAAGG,2,644,67545791,0,sense,plus,"(648, 652)",AR,GGGGGCTCCCACTTCCTCCAAGG
161,GGGGCTCCCACTTCCTCCAAGGA,0,645,67545792,0,sense,plus,"(649, 653)",AR,GGGGCTCCCACTTCCTCCAAGGA
162,TCCTCCAAGGACAATTACTTAGG,0,657,67545804,0,sense,plus,"(661, 665)",AR,TCCTCCAAGGACAATTACTTAGG
163,CCTCCAAGGACAATTACTTAGGG,1,658,67545805,0,sense,plus,"(662, 666)",AR,CCTCCAAGGACAATTACTTAGGG
164,CTCCAAGGACAATTACTTAGGGG,2,659,67545806,0,sense,plus,"(663, 667)",AR,CTCCAAGGACAATTACTTAGGGG
166,CAATTACTTAGGGGGCACTTCGA,2,668,67545815,0,sense,plus,"(672, 676)",AR,CAATTACTTAGGGGGCACTTCGA
167,GGGGGCACTTCGACCATTTCTGA,0,678,67545825,0,sense,plus,"(682, 686)",AR,GGGGGCACTTCGACCATTTCTGA
169,GACCATTTCTGACAACGCCAAGG,2,689,67545836,0,sense,plus,"(693, 697)",AR,GACCATTTCTGACAACGCCAAGG
171,CATTTCTGACAACGCCAAGGAGT,2,692,67545839,0,sense,plus,"(696, 700)",AR,CATTTCTGACAACGCCAAGGAGT
172,TTCTGACAACGCCAAGGAGTTGT,2,695,67545842,0,sense,plus,"(699, 703)",AR,TTCTGACAACGCCAAGGAGTTGT
173,CTGACAACGCCAAGGAGTTGTGT,1,697,67545844,0,sense,plus,"(701, 705)",AR,CTGACAACGCCAAGGAGTTGTGT
174,CAACGCCAAGGAGTTGTGTAAGG,2,701,67545848,0,sense,plus,"(705, 709)",AR,CAACGCCAAGGAGTTGTGTAAGG
175,AACGCCAAGGAGTTGTGTAAGGC,0,702,67545849,0,sense,plus,"(706, 710)",AR,AACGCCAAGGAGTTGTGTAAGGC
176,TAAGGCAGTGTCGGTGTCCATGG,2,719,67545866,0,sense,plus,"(723, 727)",AR,TAAGGCAGTGTCGGTGTCCATGG
177,AAGGCAGTGTCGGTGTCCATGGG,0,720,67545867,0,sense,plus,"(724, 728)",AR,AAGGCAGTGTCGGTGTCCATGGG
178,AGGCAGTGTCGGTGTCCATGGGC,1,721,67545868,0,sense,plus,"(725, 729)",AR,AGGCAGTGTCGGTGTCCATGGGC
179,AGTGTCGGTGTCCATGGGCCTGG,2,725,67545872,0,sense,plus,"(729, 733)",AR,AGTGTCGGTGTCCATGGGCCTGG
180,GTGTCGGTGTCCATGGGCCTGGG,0,726,67545873,0,sense,plus,"(730, 734)",AR,GTGTCGGTGTCCATGGGCCTGGG
181,TGTCGGTGTCCATGGGCCTGGGT,1,727,67545874,0,sense,plus,"(731, 735)",AR,TGTCGGTGTCCATGGGCCTGGGT
183,GGTGTCCATGGGCCTGGGTGTGG,2,731,67545878,0,sense,plus,"(735, 739)",AR,GGTGTCCATGGGCCTGGGTGTGG
184,GTGTCCATGGGCCTGGGTGTGGA,0,732,67545879,0,sense,plus,"(736, 740)",AR,GTGTCCATGGGCCTGGGTGTGGA
185,GTCCATGGGCCTGGGTGTGGAGG,2,734,67545881,0,sense,plus,"(738, 742)",AR,GTCCATGGGCCTGGGTGTGGAGG
186,CATGGGCCTGGGTGTGGAGGCGT,2,737,67545884,0,sense,plus,"(741, 745)",AR,CATGGGCCTGGGTGTGGAGGCGT
187,GGGCCTGGGTGTGGAGGCGTTGG,2,740,67545887,0,sense,plus,"(744, 748)",AR,GGGCCTGGGTGTGGAGGCGTTGG
188,GGCCTGGGTGTGGAGGCGTTGGA,0,741,67545888,0,sense,plus,"(745, 749)",AR,GGCCTGGGTGTGGAGGCGTTGGA
189,TGGAGGCGTTGGAGCATCTGAGT,1,751,67545898,0,sense,plus,"(755, 759)",AR,TGGAGGCGTTGGAGCATCTGAGT
190,GTTGGAGCATCTGAGTCCAGGGG,2,758,67545905,0,sense,plus,"(762, 766)",AR,GTTGGAGCATCTGAGTCCAGGGG
191,TTGGAGCATCTGAGTCCAGGGGA,0,759,67545906,0,sense,plus,"(763, 767)",AR,TTGGAGCATCTGAGTCCAGGGGA
193,TGAGTCCAGGGGAACAGCTTCGG,1,769,67545916,0,sense,plus,"(773, 777)",AR,TGAGTCCAGGGGAACAGCTTCGG
194,GAGTCCAGGGGAACAGCTTCGGG,2,770,67545917,0,sense,plus,"(774, 778)",AR,GAGTCCAGGGGAACAGCTTCGGG
195,AGTCCAGGGGAACAGCTTCGGGG,0,771,67545918,0,sense,plus,"(775, 779)",AR,AGTCCAGGGGAACAGCTTCGGGG
196,GTCCAGGGGAACAGCTTCGGGGG,1,772,67545919,0,sense,plus,"(776, 780)",AR,GTCCAGGGGAACAGCTTCGGGGG
197,GGGAACAGCTTCGGGGGGATTGC,1,778,67545925,0,sense,plus,"(782, 786)",AR,GGGAACAGCTTCGGGGGGATTGC
199,CTTCGGGGGGATTGCATGTACGC,0,786,67545933,0,sense,plus,"(790, 794)",AR,CTTCGGGGGGATTGCATGTACGC
200,TTGCATGTACGCCCCACTTTTGG,2,797,67545944,0,sense,plus,"(801, 805)",AR,TTGCATGTACGCCCCACTTTTGG
202,ATGTACGCCCCACTTTTGGGAGT,0,801,67545948,0,sense,plus,"(805, 809)",AR,ATGTACGCCCCACTTTTGGGAGT
203,CCACTTTTGGGAGTTCCACCCGC,0,810,67545957,0,sense,plus,"(814, 818)",AR,CCACTTTTGGGAGTTCCACCCGC
204,CCGCTGTGCGTCCCACTCCTTGT,1,829,67545976,0,sense,plus,"(833, 837)",AR,CCGCTGTGCGTCCCACTCCTTGT
206,TCCCACTCCTTGTGCCCCATTGG,2,839,67545986,0,sense,plus,"(843, 847)",AR,TCCCACTCCTTGTGCCCCATTGG
207,CCCACTCCTTGTGCCCCATTGGC,0,840,67545987,0,sense,plus,"(844, 848)",AR,CCCACTCCTTGTGCCCCATTGGC
209,CTTGTGCCCCATTGGCCGAATGC,1,847,67545994,0,sense,plus,"(851, 855)",AR,CTTGTGCCCCATTGGCCGAATGC
212,GGCCGAATGCAAAGGTTCTCTGC,2,860,67546007,0,sense,plus,"(864, 868)",AR,GGCCGAATGCAAAGGTTCTCTGC
213,GAATGCAAAGGTTCTCTGCTAGA,0,864,67546011,0,sense,plus,"(868, 872)",AR,GAATGCAAAGGTTCTCTGCTAGA
214,AAGGTTCTCTGCTAGACGACAGC,1,871,67546018,0,sense,plus,"(875, 879)",AR,AAGGTTCTCTGCTAGACGACAGC
215,GGTTCTCTGCTAGACGACAGCGC,0,873,67546020,0,sense,plus,"(877, 881)",AR,GGTTCTCTGCTAGACGACAGCGC
217,CTCTGCTAGACGACAGCGCAGGC,1,877,67546024,0,sense,plus,"(881, 885)",AR,CTCTGCTAGACGACAGCGCAGGC
219,TAGACGACAGCGCAGGCAAGAGC,1,883,67546030,0,sense,plus,"(887, 891)",AR,TAGACGACAGCGCAGGCAAGAGC
220,GACAGCGCAGGCAAGAGCACTGA,0,888,67546035,0,sense,plus,"(892, 896)",AR,GACAGCGCAGGCAAGAGCACTGA
221,AGCGCAGGCAAGAGCACTGAAGA,0,891,67546038,0,sense,plus,"(895, 899)",AR,AGCGCAGGCAAGAGCACTGAAGA
222,AAGAGCACTGAAGATACTGCTGA,0,900,67546047,0,sense,plus,"(904, 908)",AR,AAGAGCACTGAAGATACTGCTGA
223,GAGCACTGAAGATACTGCTGAGT,2,902,67546049,0,sense,plus,"(906, 910)",AR,GAGCACTGAAGATACTGCTGAGT
224,GAGTATTCCCCTTTCAAGGGAGG,0,921,67546068,0,sense,plus,"(925, 929)",AR,GAGTATTCCCCTTTCAAGGGAGG
225,AGTATTCCCCTTTCAAGGGAGGT,1,922,67546069,0,sense,plus,"(926, 930)",AR,AGTATTCCCCTTTCAAGGGAGGT
226,GGTTACACCAAAGGGCTAGAAGG,0,942,67546089,0,sense,plus,"(946, 950)",AR,GGTTACACCAAAGGGCTAGAAGG
227,GTTACACCAAAGGGCTAGAAGGC,1,943,67546090,0,sense,plus,"(947, 951)",AR,GTTACACCAAAGGGCTAGAAGGC
228,TACACCAAAGGGCTAGAAGGCGA,0,945,67546092,0,sense,plus,"(949, 953)",AR,TACACCAAAGGGCTAGAAGGCGA
229,CACCAAAGGGCTAGAAGGCGAGA,2,947,67546094,0,sense,plus,"(951, 955)",AR,CACCAAAGGGCTAGAAGGCGAGA
230,GGGCTAGAAGGCGAGAGCCTAGG,0,954,67546101,0,sense,plus,"(958, 962)",AR,GGGCTAGAAGGCGAGAGCCTAGG
231,TAGAAGGCGAGAGCCTAGGCTGC,1,958,67546105,0,sense,plus,"(962, 966)",AR,TAGAAGGCGAGAGCCTAGGCTGC
233,AGAGCCTAGGCTGCTCTGGCAGC,1,967,67546114,0,sense,plus,"(971, 975)",AR,AGAGCCTAGGCTGCTCTGGCAGC
234,AGCCTAGGCTGCTCTGGCAGCGC,0,969,67546116,0,sense,plus,"(973, 977)",AR,AGCCTAGGCTGCTCTGGCAGCGC
235,CTAGGCTGCTCTGGCAGCGCTGC,0,972,67546119,0,sense,plus,"(976, 980)",AR,CTAGGCTGCTCTGGCAGCGCTGC
236,GGCTGCTCTGGCAGCGCTGCAGC,0,975,67546122,0,sense,plus,"(979, 983)",AR,GGCTGCTCTGGCAGCGCTGCAGC
237,TGCTCTGGCAGCGCTGCAGCAGG,0,978,67546125,0,sense,plus,"(982, 986)",AR,TGCTCTGGCAGCGCTGCAGCAGG
239,CTCTGGCAGCGCTGCAGCAGGGA,2,980,67546127,0,sense,plus,"(984, 988)",AR,CTCTGGCAGCGCTGCAGCAGGGA
240,CTGGCAGCGCTGCAGCAGGGAGC,1,982,67546129,0,sense,plus,"(986, 990)",AR,CTGGCAGCGCTGCAGCAGGGAGC
241,AGCGCTGCAGCAGGGAGCTCCGG,0,987,67546134,0,sense,plus,"(991, 995)",AR,AGCGCTGCAGCAGGGAGCTCCGG
243,CGCTGCAGCAGGGAGCTCCGGGA,2,989,67546136,0,sense,plus,"(993, 997)",AR,CGCTGCAGCAGGGAGCTCCGGGA
244,GAGCTCCGGGACACTTGAACTGC,2,1001,67546148,0,sense,plus,"(1005, 1009)",AR,GAGCTCCGGGACACTTGAACTGC
245,CTCCGGGACACTTGAACTGCCGT,2,1004,67546151,0,sense,plus,"(1008, 1012)",AR,CTCCGGGACACTTGAACTGCCGT
246,ACTTGAACTGCCGTCTACCCTGT,2,1013,67546160,0,sense,plus,"(1017, 1021)",AR,ACTTGAACTGCCGTCTACCCTGT
247,GTCTACCCTGTCTCTCTACAAGT,2,1025,67546172,0,sense,plus,"(1029, 1033)",AR,GTCTACCCTGTCTCTCTACAAGT
250,CTGTCTCTCTACAAGTCCGGAGC,0,1032,67546179,0,sense,plus,"(1036, 1040)",AR,CTGTCTCTCTACAAGTCCGGAGC
252,CTCTACAAGTCCGGAGCACTGGA,0,1038,67546185,0,sense,plus,"(1042, 1046)",AR,CTCTACAAGTCCGGAGCACTGGA
253,TACAAGTCCGGAGCACTGGACGA,0,1041,67546188,0,sense,plus,"(1045, 1049)",AR,TACAAGTCCGGAGCACTGGACGA
254,CAAGTCCGGAGCACTGGACGAGG,2,1043,67546190,0,sense,plus,"(1047, 1051)",AR,CAAGTCCGGAGCACTGGACGAGG
255,AAGTCCGGAGCACTGGACGAGGC,0,1044,67546191,0,sense,plus,"(1048, 1052)",AR,AAGTCCGGAGCACTGGACGAGGC
257,GGAGCACTGGACGAGGCAGCTGC,0,1050,67546197,0,sense,plus,"(1054, 1058)",AR,GGAGCACTGGACGAGGCAGCTGC
258,AGCACTGGACGAGGCAGCTGCGT,2,1052,67546199,0,sense,plus,"(1056, 1060)",AR,AGCACTGGACGAGGCAGCTGCGT
259,GGACGAGGCAGCTGCGTACCAGA,2,1058,67546205,0,sense,plus,"(1062, 1066)",AR,GGACGAGGCAGCTGCGTACCAGA
261,AGGCAGCTGCGTACCAGAGTCGC,1,1063,67546210,0,sense,plus,"(1067, 1071)",AR,AGGCAGCTGCGTACCAGAGTCGC
263,CGACTACTACAACTTTCCACTGG,2,1085,67546232,0,sense,plus,"(1089, 1093)",AR,CGACTACTACAACTTTCCACTGG
264,GACTACTACAACTTTCCACTGGC,0,1086,67546233,0,sense,plus,"(1090, 1094)",AR,GACTACTACAACTTTCCACTGGC
265,CTACAACTTTCCACTGGCTCTGG,2,1091,67546238,0,sense,plus,"(1095, 1099)",AR,CTACAACTTTCCACTGGCTCTGG
266,TACAACTTTCCACTGGCTCTGGC,0,1092,67546239,0,sense,plus,"(1096, 1100)",AR,TACAACTTTCCACTGGCTCTGGC
267,AACTTTCCACTGGCTCTGGCCGG,0,1095,67546242,0,sense,plus,"(1099, 1103)",AR,AACTTTCCACTGGCTCTGGCCGG
271,GGCCGGACCGCCGCCCCCTCCGC,2,1112,67546259,0,sense,plus,"(1116, 1120)",AR,GGCCGGACCGCCGCCCCCTCCGC
272,CGGACCGCCGCCCCCTCCGCCGC,2,1115,67546262,0,sense,plus,"(1119, 1123)",AR,CGGACCGCCGCCCCCTCCGCCGC
273,CCGCCGCCTCCCCATCCCCACGC,0,1131,67546278,0,sense,plus,"(1135, 1139)",AR,CCGCCGCCTCCCCATCCCCACGC
274,CGCCTCCCCATCCCCACGCTCGC,1,1135,67546282,0,sense,plus,"(1139, 1143)",AR,CGCCTCCCCATCCCCACGCTCGC
275,CCATCCCCACGCTCGCATCAAGC,2,1142,67546289,0,sense,plus,"(1146, 1150)",AR,CCATCCCCACGCTCGCATCAAGC
280,CATCAAGCTGGAGAACCCGCTGG,2,1157,67546304,0,sense,plus,"(1161, 1165)",AR,CATCAAGCTGGAGAACCCGCTGG
281,ATCAAGCTGGAGAACCCGCTGGA,0,1158,67546305,0,sense,plus,"(1162, 1166)",AR,ATCAAGCTGGAGAACCCGCTGGA
282,TGGAGAACCCGCTGGACTACGGC,1,1165,67546312,0,sense,plus,"(1169, 1173)",AR,TGGAGAACCCGCTGGACTACGGC
283,AGAACCCGCTGGACTACGGCAGC,1,1168,67546315,0,sense,plus,"(1172, 1176)",AR,AGAACCCGCTGGACTACGGCAGC
284,AACCCGCTGGACTACGGCAGCGC,0,1170,67546317,0,sense,plus,"(1174, 1178)",AR,AACCCGCTGGACTACGGCAGCGC
285,CGCTGGACTACGGCAGCGCCTGG,1,1174,67546321,0,sense,plus,"(1178, 1182)",AR,CGCTGGACTACGGCAGCGCCTGG
287,CTGGACTACGGCAGCGCCTGGGC,0,1176,67546323,0,sense,plus,"(1180, 1184)",AR,CTGGACTACGGCAGCGCCTGGGC
288,GGACTACGGCAGCGCCTGGGCGG,2,1178,67546325,0,sense,plus,"(1182, 1186)",AR,GGACTACGGCAGCGCCTGGGCGG
289,GACTACGGCAGCGCCTGGGCGGC,0,1179,67546326,0,sense,plus,"(1183, 1187)",AR,GACTACGGCAGCGCCTGGGCGGC
290,TACGGCAGCGCCTGGGCGGCTGC,0,1182,67546329,0,sense,plus,"(1186, 1190)",AR,TACGGCAGCGCCTGGGCGGCTGC
291,CGGCAGCGCCTGGGCGGCTGCGG,2,1184,67546331,0,sense,plus,"(1188, 1192)",AR,CGGCAGCGCCTGGGCGGCTGCGG
292,GGCAGCGCCTGGGCGGCTGCGGC,0,1185,67546332,0,sense,plus,"(1189, 1193)",AR,GGCAGCGCCTGGGCGGCTGCGGC
293,CAGCGCCTGGGCGGCTGCGGCGG,2,1187,67546334,0,sense,plus,"(1191, 1195)",AR,CAGCGCCTGGGCGGCTGCGGCGG
294,AGCGCCTGGGCGGCTGCGGCGGC,0,1188,67546335,0,sense,plus,"(1192, 1196)",AR,AGCGCCTGGGCGGCTGCGGCGGC
295,CGCCTGGGCGGCTGCGGCGGCGC,2,1190,67546337,0,sense,plus,"(1194, 1198)",AR,CGCCTGGGCGGCTGCGGCGGCGC
296,CTGGGCGGCTGCGGCGGCGCAGT,2,1193,67546340,0,sense,plus,"(1197, 1201)",AR,CTGGGCGGCTGCGGCGGCGCAGT
297,GGGCGGCTGCGGCGGCGCAGTGC,1,1195,67546342,0,sense,plus,"(1199, 1203)",AR,GGGCGGCTGCGGCGGCGCAGTGC
298,CGGCTGCGGCGGCGCAGTGCCGC,1,1198,67546345,0,sense,plus,"(1202, 1206)",AR,CGGCTGCGGCGGCGCAGTGCCGC
300,CGGCGGCGCAGTGCCGCTATGGG,1,1204,67546351,0,sense,plus,"(1208, 1212)",AR,CGGCGGCGCAGTGCCGCTATGGG
301,GGCGGCGCAGTGCCGCTATGGGG,2,1205,67546352,0,sense,plus,"(1209, 1213)",AR,GGCGGCGCAGTGCCGCTATGGGG
304,CAGTGCCGCTATGGGGACCTGGC,0,1212,67546359,0,sense,plus,"(1216, 1220)",AR,CAGTGCCGCTATGGGGACCTGGC
305,GTGCCGCTATGGGGACCTGGCGA,2,1214,67546361,0,sense,plus,"(1218, 1222)",AR,GTGCCGCTATGGGGACCTGGCGA
307,GGGGACCTGGCGAGCCTGCATGG,0,1224,67546371,0,sense,plus,"(1228, 1232)",AR,GGGGACCTGGCGAGCCTGCATGG
308,GGGACCTGGCGAGCCTGCATGGC,1,1225,67546372,0,sense,plus,"(1229, 1233)",AR,GGGACCTGGCGAGCCTGCATGGC
309,GACCTGGCGAGCCTGCATGGCGC,0,1227,67546374,0,sense,plus,"(1231, 1235)",AR,GACCTGGCGAGCCTGCATGGCGC
311,CTGGCGAGCCTGCATGGCGCGGG,0,1230,67546377,0,sense,plus,"(1234, 1238)",AR,CTGGCGAGCCTGCATGGCGCGGG
312,TGGCGAGCCTGCATGGCGCGGGT,1,1231,67546378,0,sense,plus,"(1235, 1239)",AR,TGGCGAGCCTGCATGGCGCGGGT
314,AGCCTGCATGGCGCGGGTGCAGC,0,1236,67546383,0,sense,plus,"(1240, 1244)",AR,AGCCTGCATGGCGCGGGTGCAGC
316,CTGCATGGCGCGGGTGCAGCGGG,0,1239,67546386,0,sense,plus,"(1243, 1247)",AR,CTGCATGGCGCGGGTGCAGCGGG
317,TGCATGGCGCGGGTGCAGCGGGA,1,1240,67546387,0,sense,plus,"(1244, 1248)",AR,TGCATGGCGCGGGTGCAGCGGGA
318,GGCGCGGGTGCAGCGGGACCCGG,0,1245,67546392,0,sense,plus,"(1249, 1253)",AR,GGCGCGGGTGCAGCGGGACCCGG
320,GGTGCAGCGGGACCCGGTTCTGG,0,1251,67546398,0,sense,plus,"(1255, 1259)",AR,GGTGCAGCGGGACCCGGTTCTGG
321,GTGCAGCGGGACCCGGTTCTGGG,1,1252,67546399,0,sense,plus,"(1256, 1260)",AR,GTGCAGCGGGACCCGGTTCTGGG
322,TGCAGCGGGACCCGGTTCTGGGT,2,1253,67546400,0,sense,plus,"(1257, 1261)",AR,TGCAGCGGGACCCGGTTCTGGGT
323,CCCGGTTCTGGGTCACCCTCAGC,0,1263,67546410,0,sense,plus,"(1267, 1271)",AR,CCCGGTTCTGGGTCACCCTCAGC
324,GGTTCTGGGTCACCCTCAGCCGC,0,1266,67546413,0,sense,plus,"(1270, 1274)",AR,GGTTCTGGGTCACCCTCAGCCGC
326,CAGCCGCCGCTTCCTCATCCTGG,1,1282,67546429,0,sense,plus,"(1286, 1290)",AR,CAGCCGCCGCTTCCTCATCCTGG
327,AGCCGCCGCTTCCTCATCCTGGC,2,1283,67546430,0,sense,plus,"(1287, 1291)",AR,AGCCGCCGCTTCCTCATCCTGGC
328,TCCTGGCACACTCTCTTCACAGC,0,1299,67546446,0,sense,plus,"(1303, 1307)",AR,TCCTGGCACACTCTCTTCACAGC
329,TGGCACACTCTCTTCACAGCCGA,0,1302,67546449,0,sense,plus,"(1306, 1310)",AR,TGGCACACTCTCTTCACAGCCGA
330,CACACTCTCTTCACAGCCGAAGA,0,1305,67546452,0,sense,plus,"(1309, 1313)",AR,CACACTCTCTTCACAGCCGAAGA
332,CTCTCTTCACAGCCGAAGAAGGC,1,1309,67546456,0,sense,plus,"(1313, 1317)",AR,CTCTCTTCACAGCCGAAGAAGGC
333,CTTCACAGCCGAAGAAGGCCAGT,2,1313,67546460,0,sense,plus,"(1317, 1321)",AR,CTTCACAGCCGAAGAAGGCCAGT
334,CACAGCCGAAGAAGGCCAGTTGT,2,1316,67546463,0,sense,plus,"(1320, 1324)",AR,CACAGCCGAAGAAGGCCAGTTGT
335,AGAAGGCCAGTTGTATGGACCGT,2,1325,67546472,0,sense,plus,"(1329, 1333)",AR,AGAAGGCCAGTTGTATGGACCGT
336,AAGGCCAGTTGTATGGACCGTGT,1,1327,67546474,0,sense,plus,"(1331, 1335)",AR,AAGGCCAGTTGTATGGACCGTGT
337,GGCCAGTTGTATGGACCGTGTGG,0,1329,67546476,0,sense,plus,"(1333, 1337)",AR,GGCCAGTTGTATGGACCGTGTGG
338,TATGGACCGTGTGGTGGTGGTGG,0,1338,67546485,0,sense,plus,"(1342, 1346)",AR,TATGGACCGTGTGGTGGTGGTGG
339,ATGGACCGTGTGGTGGTGGTGGG,1,1339,67546486,0,sense,plus,"(1343, 1347)",AR,ATGGACCGTGTGGTGGTGGTGGG
340,TGGACCGTGTGGTGGTGGTGGGG,2,1340,67546487,0,sense,plus,"(1344, 1348)",AR,TGGACCGTGTGGTGGTGGTGGGG
341,GGACCGTGTGGTGGTGGTGGGGG,0,1341,67546488,0,sense,plus,"(1345, 1349)",AR,GGACCGTGTGGTGGTGGTGGGGG
342,GACCGTGTGGTGGTGGTGGGGGT,1,1342,67546489,0,sense,plus,"(1346, 1350)",AR,GACCGTGTGGTGGTGGTGGGGGT
343,GTGGTGGCGGCGGCGGCGGCGGC,1,1363,67546510,0,sense,plus,"(1367, 1371)",AR,GTGGTGGCGGCGGCGGCGGCGGC
344,GGTGGCGGCGGCGGCGGCGGCGG,0,1365,67546512,0,sense,plus,"(1369, 1373)",AR,GGTGGCGGCGGCGGCGGCGGCGG
345,GTGGCGGCGGCGGCGGCGGCGGC,1,1366,67546513,0,sense,plus,"(1370, 1374)",AR,GTGGCGGCGGCGGCGGCGGCGGC
346,GGCGGCGGCGGCGGCGGCGGCGA,0,1398,67546545,0,sense,plus,"(1402, 1406)",AR,GGCGGCGGCGGCGGCGGCGGCGA
347,CGGCGGCGGCGGCGGCGGCGAGG,2,1400,67546547,0,sense,plus,"(1404, 1408)",AR,CGGCGGCGGCGGCGGCGGCGAGG
348,GGCGGCGGCGGCGGCGGCGAGGC,0,1401,67546548,0,sense,plus,"(1405, 1409)",AR,GGCGGCGGCGGCGGCGGCGAGGC
349,CGGCGGCGGCGGCGGCGAGGCGG,2,1403,67546550,0,sense,plus,"(1407, 1411)",AR,CGGCGGCGGCGGCGGCGAGGCGG
350,GGCGGCGGCGGCGGCGAGGCGGG,0,1404,67546551,0,sense,plus,"(1408, 1412)",AR,GGCGGCGGCGGCGGCGAGGCGGG
352,GGCGGCGGCGGCGAGGCGGGAGC,0,1407,67546554,0,sense,plus,"(1411, 1415)",AR,GGCGGCGGCGGCGAGGCGGGAGC
353,GGCGGCGGCGAGGCGGGAGCTGT,0,1410,67546557,0,sense,plus,"(1414, 1418)",AR,GGCGGCGGCGAGGCGGGAGCTGT
354,GGCGGCGAGGCGGGAGCTGTAGC,0,1413,67546560,0,sense,plus,"(1417, 1421)",AR,GGCGGCGAGGCGGGAGCTGTAGC
355,GCGGGAGCTGTAGCCCCCTACGG,0,1422,67546569,0,sense,plus,"(1426, 1430)",AR,GCGGGAGCTGTAGCCCCCTACGG
356,CGGGAGCTGTAGCCCCCTACGGC,1,1423,67546570,0,sense,plus,"(1427, 1431)",AR,CGGGAGCTGTAGCCCCCTACGGC
357,TAGCCCCCTACGGCTACACTCGG,1,1432,67546579,0,sense,plus,"(1436, 1440)",AR,TAGCCCCCTACGGCTACACTCGG
358,AGCCCCCTACGGCTACACTCGGC,2,1433,67546580,0,sense,plus,"(1437, 1441)",AR,AGCCCCCTACGGCTACACTCGGC
359,CGGCTACACTCGGCCCCCTCAGG,2,1442,67546589,0,sense,plus,"(1446, 1450)",AR,CGGCTACACTCGGCCCCCTCAGG
360,GGCTACACTCGGCCCCCTCAGGG,0,1443,67546590,0,sense,plus,"(1447, 1451)",AR,GGCTACACTCGGCCCCCTCAGGG
362,CTACACTCGGCCCCCTCAGGGGC,2,1445,67546592,0,sense,plus,"(1449, 1453)",AR,CTACACTCGGCCCCCTCAGGGGC
363,CACTCGGCCCCCTCAGGGGCTGG,2,1448,67546595,0,sense,plus,"(1452, 1456)",AR,CACTCGGCCCCCTCAGGGGCTGG
366,CGGCCCCCTCAGGGGCTGGCGGG,0,1452,67546599,0,sense,plus,"(1456, 1460)",AR,CGGCCCCCTCAGGGGCTGGCGGG
367,GGCCCCCTCAGGGGCTGGCGGGC,1,1453,67546600,0,sense,plus,"(1457, 1461)",AR,GGCCCCCTCAGGGGCTGGCGGGC
370,AGGGGCTGGCGGGCCAGGAAAGC,1,1462,67546609,0,sense,plus,"(1466, 1470)",AR,AGGGGCTGGCGGGCCAGGAAAGC
371,GGGCTGGCGGGCCAGGAAAGCGA,0,1464,67546611,0,sense,plus,"(1468, 1472)",AR,GGGCTGGCGGGCCAGGAAAGCGA
372,GGCCAGGAAAGCGACTTCACCGC,0,1473,67546620,0,sense,plus,"(1477, 1481)",AR,GGCCAGGAAAGCGACTTCACCGC
373,GAAAGCGACTTCACCGCACCTGA,0,1479,67546626,0,sense,plus,"(1483, 1487)",AR,GAAAGCGACTTCACCGCACCTGA
374,AGCGACTTCACCGCACCTGATGT,0,1482,67546629,0,sense,plus,"(1486, 1490)",AR,AGCGACTTCACCGCACCTGATGT
375,CGACTTCACCGCACCTGATGTGT,2,1484,67546631,0,sense,plus,"(1488, 1492)",AR,CGACTTCACCGCACCTGATGTGT
377,CTTCACCGCACCTGATGTGTGGT,2,1487,67546634,0,sense,plus,"(1491, 1495)",AR,CTTCACCGCACCTGATGTGTGGT
378,GCACCTGATGTGTGGTACCCTGG,0,1494,67546641,0,sense,plus,"(1498, 1502)",AR,GCACCTGATGTGTGGTACCCTGG
379,CACCTGATGTGTGGTACCCTGGC,1,1495,67546642,0,sense,plus,"(1499, 1503)",AR,CACCTGATGTGTGGTACCCTGGC
380,GTGGTACCCTGGCGGCATGGTGA,2,1505,67546652,0,sense,plus,"(1509, 1513)",AR,GTGGTACCCTGGCGGCATGGTGA
381,GGTACCCTGGCGGCATGGTGAGC,1,1507,67546654,0,sense,plus,"(1511, 1515)",AR,GGTACCCTGGCGGCATGGTGAGC
384,TGGCGGCATGGTGAGCAGAGTGC,2,1514,67546661,0,sense,plus,"(1518, 1522)",AR,TGGCGGCATGGTGAGCAGAGTGC
385,TGAGCAGAGTGCCCTATCCCAGT,1,1525,67546672,0,sense,plus,"(1529, 1533)",AR,TGAGCAGAGTGCCCTATCCCAGT
386,TGCCCTATCCCAGTCCCACTTGT,1,1534,67546681,0,sense,plus,"(1538, 1542)",AR,TGCCCTATCCCAGTCCCACTTGT
388,CCAGTCCCACTTGTGTCAAAAGC,1,1543,67546690,0,sense,plus,"(1547, 1551)",AR,CCAGTCCCACTTGTGTCAAAAGC
389,AGTCCCACTTGTGTCAAAAGCGA,0,1545,67546692,0,sense,plus,"(1549, 1553)",AR,AGTCCCACTTGTGTCAAAAGCGA
390,CTTGTGTCAAAAGCGAAATGGGC,1,1552,67546699,0,sense,plus,"(1556, 1560)",AR,CTTGTGTCAAAAGCGAAATGGGC
392,CAAAAGCGAAATGGGCCCCTGGA,2,1559,67546706,0,sense,plus,"(1563, 1567)",AR,CAAAAGCGAAATGGGCCCCTGGA
393,AAGCGAAATGGGCCCCTGGATGG,2,1562,67546709,0,sense,plus,"(1566, 1570)",AR,AAGCGAAATGGGCCCCTGGATGG
394,AAATGGGCCCCTGGATGGATAGC,1,1567,67546714,0,sense,plus,"(1571, 1575)",AR,AAATGGGCCCCTGGATGGATAGC
395,GATAGCTACTCCGGACCTTACGG,0,1584,67546731,0,sense,plus,"(1588, 1592)",AR,GATAGCTACTCCGGACCTTACGG
396,ATAGCTACTCCGGACCTTACGGG,1,1585,67546732,0,sense,plus,"(1589, 1593)",AR,ATAGCTACTCCGGACCTTACGGG
397,TAGCTACTCCGGACCTTACGGGG,2,1586,67546733,0,sense,plus,"(1590, 1594)",AR,TAGCTACTCCGGACCTTACGGGG
398,AGCTACTCCGGACCTTACGGGGA,0,1587,67546734,0,sense,plus,"(1591, 1595)",AR,AGCTACTCCGGACCTTACGGGGA
399,CTCCGGACCTTACGGGGACATGC,2,1592,67546739,0,sense,plus,"(1596, 1600)",AR,CTCCGGACCTTACGGGGACATGC
401,CGGACCTTACGGGGACATGCGgt,2,1595,67546742,0,sense,plus,"(1599, 1603)",AR,CGGACCTTACGGGGACATGCGgt
403,TTGGAGACTGCCAGGGACCATGT,0,1,67643257,1,sense,plus,"(5, 9)",AR,TTGGAGACTGCCAGGGACCATGT
404,GACTGCCAGGGACCATGTTTTGC,2,6,67643262,1,sense,plus,"(10, 14)",AR,GACTGCCAGGGACCATGTTTTGC
405,AGGGACCATGTTTTGCCCATTGA,0,13,67643269,1,sense,plus,"(17, 21)",AR,AGGGACCATGTTTTGCCCATTGA
406,TGACTATTACTTTCCACCCCAGA,2,33,67643289,1,sense,plus,"(37, 41)",AR,TGACTATTACTTTCCACCCCAGA
407,CTATTACTTTCCACCCCAGAAGA,2,36,67643292,1,sense,plus,"(40, 44)",AR,CTATTACTTTCCACCCCAGAAGA
410,CAGAAGACCTGCCTGATCTGTGG,0,52,67643308,1,sense,plus,"(56, 60)",AR,CAGAAGACCTGCCTGATCTGTGG
411,AGAAGACCTGCCTGATCTGTGGA,1,53,67643309,1,sense,plus,"(57, 61)",AR,AGAAGACCTGCCTGATCTGTGGA
412,AAGACCTGCCTGATCTGTGGAGA,0,55,67643311,1,sense,plus,"(59, 63)",AR,AAGACCTGCCTGATCTGTGGAGA
414,TGCCTGATCTGTGGAGATGAAGC,0,61,67643317,1,sense,plus,"(65, 69)",AR,TGCCTGATCTGTGGAGATGAAGC
415,GAAGCTTCTGGGTGTCACTATGG,0,79,67643335,1,sense,plus,"(83, 87)",AR,GAAGCTTCTGGGTGTCACTATGG
416,AAGCTTCTGGGTGTCACTATGGA,1,80,67643336,1,sense,plus,"(84, 88)",AR,AAGCTTCTGGGTGTCACTATGGA
418,GTCACTATGGAGCTCTCACATGT,1,92,67643348,1,sense,plus,"(96, 100)",AR,GTCACTATGGAGCTCTCACATGT
419,ATGGAGCTCTCACATGTGGAAGC,1,98,67643354,1,sense,plus,"(102, 106)",AR,ATGGAGCTCTCACATGTGGAAGC
420,GAGCTCTCACATGTGGAAGCTGC,1,101,67643357,1,sense,plus,"(105, 109)",AR,GAGCTCTCACATGTGGAAGCTGC
422,CTCACATGTGGAAGCTGCAAGGT,0,106,67643362,1,sense,plus,"(110, 114)",AR,CTCACATGTGGAAGCTGCAAGGT
423,GCTGCAAGGTCTTCTTCAAAAGA,1,119,67643375,1,sense,plus,"(123, 127)",AR,GCTGCAAGGTCTTCTTCAAAAGA
424,AAGGTCTTCTTCAAAAGAGCCGC,0,124,67643380,1,sense,plus,"(128, 132)",AR,AAGGTCTTCTTCAAAAGAGCCGC
425,GTCTTCTTCAAAAGAGCCGCTGA,0,127,67643383,1,sense,plus,"(131, 135)",AR,GTCTTCTTCAAAAGAGCCGCTGA
426,TTCTTCAAAAGAGCCGCTGAAGg,0,130,67643386,1,sense,plus,"(134, 138)",AR,TTCTTCAAAAGAGCCGCTGAAGg
428,AAAAGAGCCGCTGAAGgtaaagg,0,136,67643392,1,sense,plus,"(140, 144)",AR,AAAAGAGCCGCTGAAGgtaaagg
429,AAAGAGCCGCTGAAGgtaaaggg,1,137,67643393,1,sense,plus,"(141, 145)",AR,AAAGAGCCGCTGAAGgtaaaggg
430,AAGAGCCGCTGAAGgtaaagggt,2,138,67643394,1,sense,plus,"(142, 146)",AR,AAGAGCCGCTGAAGgtaaagggt
431,CCGCTGAAGgtaaagggtcttgc,1,143,67643399,1,sense,plus,"(147, 151)",AR,CCGCTGAAGgtaaagggtcttgc
432,gGGAAACAGAAGTACCTGTGCGC,0,-1,67686009,2,sense,plus,"(3, 7)",AR,gGGAAACAGAAGTACCTGTGCGC
433,AGAAGTACCTGTGCGCCAGCAGA,1,6,67686016,2,sense,plus,"(10, 14)",AR,AGAAGTACCTGTGCGCCAGCAGA
434,TACCTGTGCGCCAGCAGAAATGA,0,11,67686021,2,sense,plus,"(15, 19)",AR,TACCTGTGCGCCAGCAGAAATGA
435,TGTGCGCCAGCAGAAATGATTGC,1,15,67686025,2,sense,plus,"(19, 23)",AR,TGTGCGCCAGCAGAAATGATTGC
436,ATTGCACTATTGATAAATTCCGA,1,33,67686043,2,sense,plus,"(37, 41)",AR,ATTGCACTATTGATAAATTCCGA
438,ATAAATTCCGAAGGAAAAATTGT,1,45,67686055,2,sense,plus,"(49, 53)",AR,ATAAATTCCGAAGGAAAAATTGT
439,ATTGTCCATCTTGTCGTCTTCGG,1,63,67686073,2,sense,plus,"(67, 71)",AR,ATTGTCCATCTTGTCGTCTTCGG
440,TTGTCCATCTTGTCGTCTTCGGA,2,64,67686074,2,sense,plus,"(68, 72)",AR,TTGTCCATCTTGTCGTCTTCGGA
441,CATCTTGTCGTCTTCGGAAATGT,1,69,67686079,2,sense,plus,"(73, 77)",AR,CATCTTGTCGTCTTCGGAAATGT
442,TGTCGTCTTCGGAAATGTTATGA,0,74,67686084,2,sense,plus,"(78, 82)",AR,TGTCGTCTTCGGAAATGTTATGA
443,CGTCTTCGGAAATGTTATGAAGC,0,77,67686087,2,sense,plus,"(81, 85)",AR,CGTCTTCGGAAATGTTATGAAGC
444,CTTCGGAAATGTTATGAAGCAGG,0,80,67686090,2,sense,plus,"(84, 88)",AR,CTTCGGAAATGTTATGAAGCAGG
445,TATGAAGCAGGGATGACTCTGGG,0,92,67686102,2,sense,plus,"(96, 100)",AR,TATGAAGCAGGGATGACTCTGGG
446,ATGAAGCAGGGATGACTCTGGGA,1,93,67686103,2,sense,plus,"(97, 101)",AR,ATGAAGCAGGGATGACTCTGGGA
447,GAAGCAGGGATGACTCTGGGAGg,0,95,67686105,2,sense,plus,"(99, 103)",AR,GAAGCAGGGATGACTCTGGGAGg
448,AAGCAGGGATGACTCTGGGAGgt,1,96,67686106,2,sense,plus,"(100, 104)",AR,AAGCAGGGATGACTCTGGGAGgt
449,gCCCGGAAGCTGAAGAAACTTGG,0,-1,67711401,3,sense,plus,"(3, 7)",AR,gCCCGGAAGCTGAAGAAACTTGG
450,TGGTAATCTGAAACTACAGGAGG,2,19,67711421,3,sense,plus,"(23, 27)",AR,TGGTAATCTGAAACTACAGGAGG
451,GGTAATCTGAAACTACAGGAGGA,0,20,67711422,3,sense,plus,"(24, 28)",AR,GGTAATCTGAAACTACAGGAGGA
452,AATCTGAAACTACAGGAGGAAGG,0,23,67711425,3,sense,plus,"(27, 31)",AR,AATCTGAAACTACAGGAGGAAGG
453,CTGAAACTACAGGAGGAAGGAGA,0,26,67711428,3,sense,plus,"(30, 34)",AR,CTGAAACTACAGGAGGAAGGAGA
454,GAAACTACAGGAGGAAGGAGAGG,2,28,67711430,3,sense,plus,"(32, 36)",AR,GAAACTACAGGAGGAAGGAGAGG
455,AAACTACAGGAGGAAGGAGAGGC,0,29,67711431,3,sense,plus,"(33, 37)",AR,AAACTACAGGAGGAAGGAGAGGC
456,GAGAGGCTTCCAGCACCACCAGC,1,45,67711447,3,sense,plus,"(49, 53)",AR,GAGAGGCTTCCAGCACCACCAGC
457,TCCAGCACCACCAGCCCCACTGA,0,53,67711455,3,sense,plus,"(57, 61)",AR,TCCAGCACCACCAGCCCCACTGA
458,CAGCACCACCAGCCCCACTGAGG,2,55,67711457,3,sense,plus,"(59, 63)",AR,CAGCACCACCAGCCCCACTGAGG
459,AGCACCACCAGCCCCACTGAGGA,0,56,67711458,3,sense,plus,"(60, 64)",AR,AGCACCACCAGCCCCACTGAGGA
460,CACCACCAGCCCCACTGAGGAGA,2,58,67711460,3,sense,plus,"(62, 66)",AR,CACCACCAGCCCCACTGAGGAGA
461,CCCCACTGAGGAGACAACCCAGA,2,67,67711469,3,sense,plus,"(71, 75)",AR,CCCCACTGAGGAGACAACCCAGA
462,GAGACAACCCAGAAGCTGACAGT,0,77,67711479,3,sense,plus,"(81, 85)",AR,GAGACAACCCAGAAGCTGACAGT
463,GACAACCCAGAAGCTGACAGTGT,2,79,67711481,3,sense,plus,"(83, 87)",AR,GACAACCCAGAAGCTGACAGTGT
464,AAGCTGACAGTGTCACACATTGA,0,89,67711491,3,sense,plus,"(93, 97)",AR,AAGCTGACAGTGTCACACATTGA
465,CTGACAGTGTCACACATTGAAGG,0,92,67711494,3,sense,plus,"(96, 100)",AR,CTGACAGTGTCACACATTGAAGG
466,TGACAGTGTCACACATTGAAGGC,1,93,67711495,3,sense,plus,"(97, 101)",AR,TGACAGTGTCACACATTGAAGGC
467,GTGTCACACATTGAAGGCTATGA,0,98,67711500,3,sense,plus,"(102, 106)",AR,GTGTCACACATTGAAGGCTATGA
468,CACACATTGAAGGCTATGAATGT,1,102,67711504,3,sense,plus,"(106, 110)",AR,CACACATTGAAGGCTATGAATGT
469,TGAATGTCAGCCCATCTTTCTGA,2,118,67711520,3,sense,plus,"(122, 126)",AR,TGAATGTCAGCCCATCTTTCTGA
470,TGTCAGCCCATCTTTCTGAATGT,0,122,67711524,3,sense,plus,"(126, 130)",AR,TGTCAGCCCATCTTTCTGAATGT
473,ATCTTTCTGAATGTCCTGGAAGC,0,131,67711533,3,sense,plus,"(135, 139)",AR,ATCTTTCTGAATGTCCTGGAAGC
474,GAATGTCCTGGAAGCCATTGAGC,2,139,67711541,3,sense,plus,"(143, 147)",AR,GAATGTCCTGGAAGCCATTGAGC
475,GTCCTGGAAGCCATTGAGCCAGG,0,143,67711545,3,sense,plus,"(147, 151)",AR,GTCCTGGAAGCCATTGAGCCAGG
476,CTGGAAGCCATTGAGCCAGGTGT,0,146,67711548,3,sense,plus,"(150, 154)",AR,CTGGAAGCCATTGAGCCAGGTGT
477,GAAGCCATTGAGCCAGGTGTAGT,0,149,67711551,3,sense,plus,"(153, 157)",AR,GAAGCCATTGAGCCAGGTGTAGT
478,AGCCATTGAGCCAGGTGTAGTGT,2,151,67711553,3,sense,plus,"(155, 159)",AR,AGCCATTGAGCCAGGTGTAGTGT
479,ATTGAGCCAGGTGTAGTGTGTGC,0,155,67711557,3,sense,plus,"(159, 163)",AR,ATTGAGCCAGGTGTAGTGTGTGC
480,GAGCCAGGTGTAGTGTGTGCTGG,0,158,67711560,3,sense,plus,"(162, 166)",AR,GAGCCAGGTGTAGTGTGTGCTGG
481,AGCCAGGTGTAGTGTGTGCTGGA,1,159,67711561,3,sense,plus,"(163, 167)",AR,AGCCAGGTGTAGTGTGTGCTGGA
482,TGCTGGACACGACAACAACCAGC,2,175,67711577,3,sense,plus,"(179, 183)",AR,TGCTGGACACGACAACAACCAGC
483,GGACACGACAACAACCAGCCCGA,0,179,67711581,3,sense,plus,"(183, 187)",AR,GGACACGACAACAACCAGCCCGA
484,AACAACCAGCCCGACTCCTTTGC,0,188,67711590,3,sense,plus,"(192, 196)",AR,AACAACCAGCCCGACTCCTTTGC
485,AACCAGCCCGACTCCTTTGCAGC,0,191,67711593,3,sense,plus,"(195, 199)",AR,AACCAGCCCGACTCCTTTGCAGC
487,CCTTTGCAGCCTTGCTCTCTAGC,1,204,67711606,3,sense,plus,"(208, 212)",AR,CCTTTGCAGCCTTGCTCTCTAGC
488,GCCTTGCTCTCTAGCCTCAATGA,0,212,67711614,3,sense,plus,"(216, 220)",AR,GCCTTGCTCTCTAGCCTCAATGA
490,CTCTCTAGCCTCAATGAACTGGG,0,218,67711620,3,sense,plus,"(222, 226)",AR,CTCTCTAGCCTCAATGAACTGGG
493,TAGCCTCAATGAACTGGGAGAGA,2,223,67711625,3,sense,plus,"(227, 231)",AR,TAGCCTCAATGAACTGGGAGAGA
495,CAATGAACTGGGAGAGAGACAGC,2,229,67711631,3,sense,plus,"(233, 237)",AR,CAATGAACTGGGAGAGAGACAGC
496,GAACTGGGAGAGAGACAGCTTGT,0,233,67711635,3,sense,plus,"(237, 241)",AR,GAACTGGGAGAGAGACAGCTTGT
497,AGAGAGACAGCTTGTACACGTGG,2,241,67711643,3,sense,plus,"(245, 249)",AR,AGAGAGACAGCTTGTACACGTGG
498,GAGAGACAGCTTGTACACGTGGT,0,242,67711644,3,sense,plus,"(246, 250)",AR,GAGAGACAGCTTGTACACGTGGT
501,CTTGTACACGTGGTCAAGTGGGC,0,251,67711653,3,sense,plus,"(255, 259)",AR,CTTGTACACGTGGTCAAGTGGGC
503,GGTCAAGTGGGCCAAGGCCTTGC,2,262,67711664,3,sense,plus,"(266, 270)",AR,GGTCAAGTGGGCCAAGGCCTTGC
504,AAGTGGGCCAAGGCCTTGCCTGg,0,266,67711668,3,sense,plus,"(270, 274)",AR,AAGTGGGCCAAGGCCTTGCCTGg
505,AGTGGGCCAAGGCCTTGCCTGgt,1,267,67711669,3,sense,plus,"(271, 275)",AR,AGTGGGCCAAGGCCTTGCCTGgt
506,GGCCAAGGCCTTGCCTGgtaagg,2,271,67711673,3,sense,plus,"(275, 279)",AR,GGCCAAGGCCTTGCCTGgtaagg
508,GGCCTTGCCTGgtaaggaaaagg,2,277,67711679,3,sense,plus,"(281, 285)",AR,GGCCTTGCCTGgtaaggaaaagg
509,GCCTTGCCTGgtaaggaaaaggg,0,278,67711680,3,sense,plus,"(282, 286)",AR,GCCTTGCCTGgtaaggaaaaggg
510,CCTTGCCTGgtaaggaaaaggga,1,279,67711681,3,sense,plus,"(283, 287)",AR,CCTTGCCTGgtaaggaaaaggga
511,TGCCTGgtaaggaaaagggaagt,1,282,67711684,3,sense,plus,"(286, 290)",AR,TGCCTGgtaaggaaaagggaagt
512,ccagGCTTCCGCAACTTACACGT,0,-4,67717474,4,sense,plus,"(0, 4)",AR,ccagGCTTCCGCAACTTACACGT
513,agGCTTCCGCAACTTACACGTGG,2,-2,67717476,4,sense,plus,"(2, 6)",AR,agGCTTCCGCAACTTACACGTGG
514,gGCTTCCGCAACTTACACGTGGA,0,-1,67717477,4,sense,plus,"(3, 7)",AR,gGCTTCCGCAACTTACACGTGGA
515,TTCCGCAACTTACACGTGGACGA,0,2,67717480,4,sense,plus,"(6, 10)",AR,TTCCGCAACTTACACGTGGACGA
516,CAACTTACACGTGGACGACCAGA,2,7,67717485,4,sense,plus,"(11, 15)",AR,CAACTTACACGTGGACGACCAGA
517,CTTACACGTGGACGACCAGATGG,2,10,67717488,4,sense,plus,"(14, 18)",AR,CTTACACGTGGACGACCAGATGG
518,TTACACGTGGACGACCAGATGGC,0,11,67717489,4,sense,plus,"(15, 19)",AR,TTACACGTGGACGACCAGATGGC
519,CGACCAGATGGCTGTCATTCAGT,2,22,67717500,4,sense,plus,"(26, 30)",AR,CGACCAGATGGCTGTCATTCAGT
520,TGGCTGTCATTCAGTACTCCTGG,1,30,67717508,4,sense,plus,"(34, 38)",AR,TGGCTGTCATTCAGTACTCCTGG
521,GGCTGTCATTCAGTACTCCTGGA,2,31,67717509,4,sense,plus,"(35, 39)",AR,GGCTGTCATTCAGTACTCCTGGA
522,TGTCATTCAGTACTCCTGGATGG,2,34,67717512,4,sense,plus,"(38, 42)",AR,TGTCATTCAGTACTCCTGGATGG
523,GTCATTCAGTACTCCTGGATGGG,0,35,67717513,4,sense,plus,"(39, 43)",AR,GTCATTCAGTACTCCTGGATGGG
525,CATTCAGTACTCCTGGATGGGGC,2,37,67717515,4,sense,plus,"(41, 45)",AR,CATTCAGTACTCCTGGATGGGGC
526,GTACTCCTGGATGGGGCTCATGG,2,43,67717521,4,sense,plus,"(47, 51)",AR,GTACTCCTGGATGGGGCTCATGG
527,TACTCCTGGATGGGGCTCATGGT,0,44,67717522,4,sense,plus,"(48, 52)",AR,TACTCCTGGATGGGGCTCATGGT
528,CTCCTGGATGGGGCTCATGGTGT,2,46,67717524,4,sense,plus,"(50, 54)",AR,CTCCTGGATGGGGCTCATGGTGT
529,GGGGCTCATGGTGTTTGCCATGG,2,55,67717533,4,sense,plus,"(59, 63)",AR,GGGGCTCATGGTGTTTGCCATGG
530,GGGCTCATGGTGTTTGCCATGGG,0,56,67717534,4,sense,plus,"(60, 64)",AR,GGGCTCATGGTGTTTGCCATGGG
531,GGCTCATGGTGTTTGCCATGGGC,1,57,67717535,4,sense,plus,"(61, 65)",AR,GGCTCATGGTGTTTGCCATGGGC
532,GGCTGGCGATCCTTCACCAATGT,0,77,67717555,4,sense,plus,"(81, 85)",AR,GGCTGGCGATCCTTCACCAATGT
533,CCTTCACCAATGTCAACTCCAGG,1,87,67717565,4,sense,plus,"(91, 95)",AR,CCTTCACCAATGTCAACTCCAGG
534,CTTCACCAATGTCAACTCCAGGA,2,88,67717566,4,sense,plus,"(92, 96)",AR,CTTCACCAATGTCAACTCCAGGA
535,CACCAATGTCAACTCCAGGATGC,2,91,67717569,4,sense,plus,"(95, 99)",AR,CACCAATGTCAACTCCAGGATGC
536,AACTCCAGGATGCTCTACTTCGC,0,101,67717579,4,sense,plus,"(105, 109)",AR,AACTCCAGGATGCTCTACTTCGC
537,AGGATGCTCTACTTCGCCCCTGA,0,107,67717585,4,sense,plus,"(111, 115)",AR,AGGATGCTCTACTTCGCCCCTGA
539,CTCTACTTCGCCCCTGATCTGGT,0,113,67717591,4,sense,plus,"(117, 121)",AR,CTCTACTTCGCCCCTGATCTGGT
540,GCCCCTGATCTGGTTTTCAATGA,0,122,67717600,4,sense,plus,"(126, 130)",AR,GCCCCTGATCTGGTTTTCAATGA
542,GATCTGGTTTTCAATGAgtaagt,0,128,67717606,4,sense,plus,"(132, 136)",AR,GATCTGGTTTTCAATGAgtaagt
543,TTTCAATGAgtaagtgctcctgg,2,136,67717614,4,sense,plus,"(140, 144)",AR,TTTCAATGAgtaagtgctcctgg
544,gGTACCGCATGCACAAGTCCCGG,1,-1,67721832,5,sense,plus,"(3, 7)",AR,gGTACCGCATGCACAAGTCCCGG
545,GTACCGCATGCACAAGTCCCGGA,2,0,67721833,5,sense,plus,"(4, 8)",AR,GTACCGCATGCACAAGTCCCGGA
547,TGCACAAGTCCCGGATGTACAGC,1,8,67721841,5,sense,plus,"(12, 16)",AR,TGCACAAGTCCCGGATGTACAGC
548,CAAGTCCCGGATGTACAGCCAGT,2,12,67721845,5,sense,plus,"(16, 20)",AR,CAAGTCCCGGATGTACAGCCAGT
549,AGTCCCGGATGTACAGCCAGTGT,1,14,67721847,5,sense,plus,"(18, 22)",AR,AGTCCCGGATGTACAGCCAGTGT
551,GGATGTACAGCCAGTGTGTCCGA,1,20,67721853,5,sense,plus,"(24, 28)",AR,GGATGTACAGCCAGTGTGTCCGA
552,GTACAGCCAGTGTGTCCGAATGA,2,24,67721857,5,sense,plus,"(28, 32)",AR,GTACAGCCAGTGTGTCCGAATGA
554,CAGCCAGTGTGTCCGAATGAGGC,2,27,67721860,5,sense,plus,"(31, 35)",AR,CAGCCAGTGTGTCCGAATGAGGC
555,AATGAGGCACCTCTCTCAAGAGT,2,42,67721875,5,sense,plus,"(46, 50)",AR,AATGAGGCACCTCTCTCAAGAGT
556,AGGCACCTCTCTCAAGAGTTTGG,0,46,67721879,5,sense,plus,"(50, 54)",AR,AGGCACCTCTCTCAAGAGTTTGG
557,GGCACCTCTCTCAAGAGTTTGGA,1,47,67721880,5,sense,plus,"(51, 55)",AR,GGCACCTCTCTCAAGAGTTTGGA
560,ATGGCTCCAAATCACCCCCCAGG,2,69,67721902,5,sense,plus,"(73, 77)",AR,ATGGCTCCAAATCACCCCCCAGG
561,TGGCTCCAAATCACCCCCCAGGA,0,70,67721903,5,sense,plus,"(74, 78)",AR,TGGCTCCAAATCACCCCCCAGGA
562,AATCACCCCCCAGGAATTCCTGT,2,78,67721911,5,sense,plus,"(82, 86)",AR,AATCACCCCCCAGGAATTCCTGT
565,ATTCCTGTGCATGAAAGCACTGC,2,93,67721926,5,sense,plus,"(97, 101)",AR,ATTCCTGTGCATGAAAGCACTGC
566,TGAAAGCACTGCTACTCTTCAGC,1,104,67721937,5,sense,plus,"(108, 112)",AR,TGAAAGCACTGCTACTCTTCAGC
567,CACTGCTACTCTTCAGCATTAgt,1,110,67721943,5,sense,plus,"(114, 118)",AR,CACTGCTACTCTTCAGCATTAgt
568,GCTACTCTTCAGCATTAgtaagt,2,114,67721947,5,sense,plus,"(118, 122)",AR,GCTACTCTTCAGCATTAgtaagt
569,TACTCTTCAGCATTAgtaagtgc,1,116,67721949,5,sense,plus,"(120, 124)",AR,TACTCTTCAGCATTAgtaagtgc
570,TTCAGCATTAgtaagtgcctaga,0,121,67721954,5,sense,plus,"(125, 129)",AR,TTCAGCATTAgtaagtgcctaga
571,atcagTTCCAGTGGATGGGCTGA,2,-5,67722822,6,sense,plus,"(-1, 3)",AR,atcagTTCCAGTGGATGGGCTGA
572,AAAAATCAAAAATTCTTTGATGA,0,17,67722844,6,sense,plus,"(21, 25)",AR,AAAAATCAAAAATTCTTTGATGA
573,AAAAATTCTTTGATGAACTTCGA,1,24,67722851,6,sense,plus,"(28, 32)",AR,AAAAATTCTTTGATGAACTTCGA
574,ATTCTTTGATGAACTTCGAATGA,2,28,67722855,6,sense,plus,"(32, 36)",AR,ATTCTTTGATGAACTTCGAATGA
575,ACTTCGAATGAACTACATCAAGG,2,40,67722867,6,sense,plus,"(44, 48)",AR,ACTTCGAATGAACTACATCAAGG
576,CTTCGAATGAACTACATCAAGGA,0,41,67722868,6,sense,plus,"(45, 49)",AR,CTTCGAATGAACTACATCAAGGA
577,ATGAACTACATCAAGGAACTCGA,0,47,67722874,6,sense,plus,"(51, 55)",AR,ATGAACTACATCAAGGAACTCGA
579,AAGGAACTCGATCGTATCATTGC,0,59,67722886,6,sense,plus,"(63, 67)",AR,AAGGAACTCGATCGTATCATTGC
580,AACTCGATCGTATCATTGCATGC,1,63,67722890,6,sense,plus,"(67, 71)",AR,AACTCGATCGTATCATTGCATGC
581,ATCGTATCATTGCATGCAAAAGA,1,69,67722896,6,sense,plus,"(73, 77)",AR,ATCGTATCATTGCATGCAAAAGA
582,AAAATCCCACATCCTGCTCAAGA,1,93,67722920,6,sense,plus,"(97, 101)",AR,AAAATCCCACATCCTGCTCAAGA
583,ATCCCACATCCTGCTCAAGACGC,1,96,67722923,6,sense,plus,"(100, 104)",AR,ATCCCACATCCTGCTCAAGACGC
584,CTGCTCAAGACGCTTCTACCAGC,2,106,67722933,6,sense,plus,"(110, 114)",AR,CTGCTCAAGACGCTTCTACCAGC
585,ACGCTTCTACCAGCTCACCAAGC,2,115,67722942,6,sense,plus,"(119, 123)",AR,ACGCTTCTACCAGCTCACCAAGC
586,CTACCAGCTCACCAAGCTCCTGG,2,121,67722948,6,sense,plus,"(125, 129)",AR,CTACCAGCTCACCAAGCTCCTGG
587,TACCAGCTCACCAAGCTCCTGGA,0,122,67722949,6,sense,plus,"(126, 130)",AR,TACCAGCTCACCAAGCTCCTGGA
588,CTCACCAAGCTCCTGGACTCCGT,0,128,67722955,6,sense,plus,"(132, 136)",AR,CTCACCAAGCTCCTGGACTCCGT
589,CACCAAGCTCCTGGACTCCGTGC,2,130,67722957,6,sense,plus,"(134, 138)",AR,CACCAAGCTCCTGGACTCCGTGC
590,CAAGCTCCTGGACTCCGTGCAGC,2,133,67722960,6,sense,plus,"(137, 141)",AR,CAAGCTCCTGGACTCCGTGCAGC
591,CTCCTGGACTCCGTGCAGCCTgt,0,137,67722964,6,sense,plus,"(141, 145)",AR,CTCCTGGACTCCGTGCAGCCTgt
592,TGGACTCCGTGCAGCCTgtaagc,1,141,67722968,6,sense,plus,"(145, 149)",AR,TGGACTCCGTGCAGCCTgtaagc
593,CCGTGCAGCCTgtaagcaaacga,1,147,67722974,6,sense,plus,"(151, 155)",AR,CCGTGCAGCCTgtaagcaaacga
594,TGCAGCCTgtaagcaaacgatgg,1,150,67722977,6,sense,plus,"(154, 158)",AR,TGCAGCCTgtaagcaaacgatgg
595,GCAGCCTgtaagcaaacgatgga,2,151,67722978,6,sense,plus,"(155, 159)",AR,GCAGCCTgtaagcaaacgatgga
596,AGCCTgtaagcaaacgatggagg,1,153,67722980,6,sense,plus,"(157, 161)",AR,AGCCTgtaagcaaacgatggagg
597,gATTGCGAGAGAGCTGCATCAGT,2,-1,67723685,7,sense,plus,"(3, 7)",AR,gATTGCGAGAGAGCTGCATCAGT
598,GAGCTGCATCAGTTCACTTTTGA,0,9,67723695,7,sense,plus,"(13, 17)",AR,GAGCTGCATCAGTTCACTTTTGA
600,CCTGCTAATCAAGTCACACATGG,2,32,67723718,7,sense,plus,"(36, 40)",AR,CCTGCTAATCAAGTCACACATGG
601,CTGCTAATCAAGTCACACATGGT,0,33,67723719,7,sense,plus,"(37, 41)",AR,CTGCTAATCAAGTCACACATGGT
603,TAATCAAGTCACACATGGTGAGC,1,37,67723723,7,sense,plus,"(41, 45)",AR,TAATCAAGTCACACATGGTGAGC
604,ATCAAGTCACACATGGTGAGCGT,0,39,67723725,7,sense,plus,"(43, 47)",AR,ATCAAGTCACACATGGTGAGCGT
605,CAAGTCACACATGGTGAGCGTGG,2,41,67723727,7,sense,plus,"(45, 49)",AR,CAAGTCACACATGGTGAGCGTGG
606,AAGTCACACATGGTGAGCGTGGA,0,42,67723728,7,sense,plus,"(46, 50)",AR,AAGTCACACATGGTGAGCGTGGA
607,GAGCGTGGACTTTCCGGAAATGA,2,56,67723742,7,sense,plus,"(60, 64)",AR,GAGCGTGGACTTTCCGGAAATGA
608,CGTGGACTTTCCGGAAATGATGG,2,59,67723745,7,sense,plus,"(63, 67)",AR,CGTGGACTTTCCGGAAATGATGG
609,GTGGACTTTCCGGAAATGATGGC,0,60,67723746,7,sense,plus,"(64, 68)",AR,GTGGACTTTCCGGAAATGATGGC
610,GACTTTCCGGAAATGATGGCAGA,0,63,67723749,7,sense,plus,"(67, 71)",AR,GACTTTCCGGAAATGATGGCAGA
611,CTTTCCGGAAATGATGGCAGAGA,2,65,67723751,7,sense,plus,"(69, 73)",AR,CTTTCCGGAAATGATGGCAGAGA
612,ATGATGGCAGAGATCATCTCTGT,0,75,67723761,7,sense,plus,"(79, 83)",AR,ATGATGGCAGAGATCATCTCTGT
613,GATGGCAGAGATCATCTCTGTGC,2,77,67723763,7,sense,plus,"(81, 85)",AR,GATGGCAGAGATCATCTCTGTGC
614,AGAGATCATCTCTGTGCAAGTGC,2,83,67723769,7,sense,plus,"(87, 91)",AR,AGAGATCATCTCTGTGCAAGTGC
615,CATCTCTGTGCAAGTGCCCAAGA,2,89,67723775,7,sense,plus,"(93, 97)",AR,CATCTCTGTGCAAGTGCCCAAGA
616,CAAGTGCCCAAGATCCTTTCTGG,0,99,67723785,7,sense,plus,"(103, 107)",AR,CAAGTGCCCAAGATCCTTTCTGG
617,AAGTGCCCAAGATCCTTTCTGGG,1,100,67723786,7,sense,plus,"(104, 108)",AR,AAGTGCCCAAGATCCTTTCTGGG
618,AGTGCCCAAGATCCTTTCTGGGA,2,101,67723787,7,sense,plus,"(105, 109)",AR,AGTGCCCAAGATCCTTTCTGGGA
619,GATCCTTTCTGGGAAAGTCAAGC,2,110,67723796,7,sense,plus,"(114, 118)",AR,GATCCTTTCTGGGAAAGTCAAGC
620,GCCCATCTATTTCCACACCCAGT,2,131,67723817,7,sense,plus,"(135, 139)",AR,GCCCATCTATTTCCACACCCAGT
623,TTCCACACCCAGTGAagcattgg,0,141,67723827,7,sense,plus,"(145, 149)",AR,TTCCACACCCAGTGAagcattgg
624,TCCACACCCAGTGAagcattgga,1,142,67723828,7,sense,plus,"(146, 150)",AR,TCCACACCCAGTGAagcattgga
625,CTTCCATccttgagcttggctga,0,6,67545153,0,antisense,plus,"(10, 14)",AR,tcagccaagctcaaggATGGAAG
626,GCACTTCCATccttgagcttggc,0,9,67545156,0,antisense,plus,"(13, 17)",AR,gccaagctcaaggATGGAAGTGC
627,TGCACTTCCATccttgagcttgg,1,10,67545157,0,antisense,plus,"(14, 18)",AR,ccaagctcaaggATGGAAGTGCA
628,TAACTGCACTTCCATccttgagc,2,14,67545161,0,antisense,plus,"(18, 22)",AR,gctcaaggATGGAAGTGCAGTTA
629,CCTAACTGCACTTCCATccttga,1,16,67545163,0,antisense,plus,"(20, 24)",AR,tcaaggATGGAAGTGCAGTTAGG
630,AGACCCTTCCCAGCCCTAACTGC,0,30,67545177,0,antisense,plus,"(34, 38)",AR,GCAGTTAGGGCTGGGAAGGGTCT
631,CTTGGACGGCGGCCGAGGGTAGA,2,50,67545197,0,antisense,plus,"(54, 58)",AR,TCTACCCTCGGCCGCCGTCCAAG
632,GGTCTTGGACGGCGGCCGAGGGT,2,53,67545200,0,antisense,plus,"(57, 61)",AR,ACCCTCGGCCGCCGTCCAAGACC
633,AGGTCTTGGACGGCGGCCGAGGG,0,54,67545201,0,antisense,plus,"(58, 62)",AR,CCCTCGGCCGCCGTCCAAGACCT
634,TAGGTCTTGGACGGCGGCCGAGG,1,55,67545202,0,antisense,plus,"(59, 63)",AR,CCTCGGCCGCCGTCCAAGACCTA
635,GGTAGGTCTTGGACGGCGGCCGA,0,57,67545204,0,antisense,plus,"(61, 65)",AR,TCGGCCGCCGTCCAAGACCTACC
637,CTCCTCGGTAGGTCTTGGACGGC,0,63,67545210,0,antisense,plus,"(67, 71)",AR,GCCGTCCAAGACCTACCGAGGAG
639,AAAGCTCCTCGGTAGGTCTTGGA,1,67,67545214,0,antisense,plus,"(71, 75)",AR,TCCAAGACCTACCGAGGAGCTTT
640,GAAAGCTCCTCGGTAGGTCTTGG,2,68,67545215,0,antisense,plus,"(72, 76)",AR,CCAAGACCTACCGAGGAGCTTTC
641,ATTCTGGAAAGCTCCTCGGTAGG,2,74,67545221,0,antisense,plus,"(78, 82)",AR,CCTACCGAGGAGCTTTCCAGAAT
642,CAGATTCTGGAAAGCTCCTCGGT,2,77,67545224,0,antisense,plus,"(81, 85)",AR,ACCGAGGAGCTTTCCAGAATCTG
643,ACAGATTCTGGAAAGCTCCTCGG,0,78,67545225,0,antisense,plus,"(82, 86)",AR,CCGAGGAGCTTTCCAGAATCTGT
644,CACGCTCTGGAACAGATTCTGGA,2,89,67545236,0,antisense,plus,"(93, 97)",AR,TCCAGAATCTGTTCCAGAGCGTG
646,CTTCGCGCACGCTCTGGAACAGA,0,96,67545243,0,antisense,plus,"(100, 104)",AR,TCTGTTCCAGAGCGTGCGCGAAG
647,GATCACTTCGCGCACGCTCTGGA,2,101,67545248,0,antisense,plus,"(105, 109)",AR,TCCAGAGCGTGCGCGAAGTGATC
648,GGATCACTTCGCGCACGCTCTGG,0,102,67545249,0,antisense,plus,"(106, 110)",AR,CCAGAGCGTGCGCGAAGTGATCC
649,GTTCTGGATCACTTCGCGCACGC,2,107,67545254,0,antisense,plus,"(111, 115)",AR,GCGTGCGCGAAGTGATCCAGAAC
651,GCCCGGGTTCTGGATCACTTCGC,2,113,67545260,0,antisense,plus,"(117, 121)",AR,GCGAAGTGATCCAGAACCCGGGC
652,GTGCCTGGGGCCCGGGTTCTGGA,2,122,67545269,0,antisense,plus,"(126, 130)",AR,TCCAGAACCCGGGCCCCAGGCAC
653,GGTGCCTGGGGCCCGGGTTCTGG,0,123,67545270,0,antisense,plus,"(127, 131)",AR,CCAGAACCCGGGCCCCAGGCACC
656,CGCGGCCTCTGGGTGCCTGGGGC,2,134,67545281,0,antisense,plus,"(138, 142)",AR,GCCCCAGGCACCCAGAGGCCGCG
658,CTCGCGGCCTCTGGGTGCCTGGG,1,136,67545283,0,antisense,plus,"(140, 144)",AR,CCCAGGCACCCAGAGGCCGCGAG
660,CTGCGCTCGCGGCCTCTGGGTGC,0,141,67545288,0,antisense,plus,"(145, 149)",AR,GCACCCAGAGGCCGCGAGCGCAG
661,TGCTGCGCTCGCGGCCTCTGGGT,2,143,67545290,0,antisense,plus,"(147, 151)",AR,ACCCAGAGGCCGCGAGCGCAGCA
662,GTGCTGCGCTCGCGGCCTCTGGG,0,144,67545291,0,antisense,plus,"(148, 152)",AR,CCCAGAGGCCGCGAGCGCAGCAC
663,GGTGCTGCGCTCGCGGCCTCTGG,1,145,67545292,0,antisense,plus,"(149, 153)",AR,CCAGAGGCCGCGAGCGCAGCACC
666,AAACTGGCGCCGGGAGGTGCTGC,1,160,67545307,0,antisense,plus,"(164, 168)",AR,GCAGCACCTCCCGGCGCCAGTTT
667,AGCAAACTGGCGCCGGGAGGTGC,1,163,67545310,0,antisense,plus,"(167, 171)",AR,GCACCTCCCGGCGCCAGTTTGCT
669,AGCAGCAAACTGGCGCCGGGAGG,1,166,67545313,0,antisense,plus,"(170, 174)",AR,CCTCCCGGCGCCAGTTTGCTGCT
671,AGCAGCAGCAAACTGGCGCCGGG,1,169,67545316,0,antisense,plus,"(173, 177)",AR,CCCGGCGCCAGTTTGCTGCTGCT
672,CAGCAGCAGCAAACTGGCGCCGG,2,170,67545317,0,antisense,plus,"(174, 178)",AR,CCGGCGCCAGTTTGCTGCTGCTG
673,CTGCAGCAGCAGCAAACTGGCGC,2,173,67545320,0,antisense,plus,"(177, 181)",AR,GCGCCAGTTTGCTGCTGCTGCAG
674,TGCTGCAGCAGCAGCAAACTGGC,1,175,67545322,0,antisense,plus,"(179, 183)",AR,GCCAGTTTGCTGCTGCTGCAGCA
675,CTGCTGCAGCAGCAGCAAACTGG,2,176,67545323,0,antisense,plus,"(180, 184)",AR,CCAGTTTGCTGCTGCTGCAGCAG
679,CTTGCTGCTGCTGCTGCTGCTGC,0,240,67545387,0,antisense,plus,"(244, 248)",AR,GCAGCAGCAGCAGCAGCAGCAAG
681,TAGTCTCTTGCTGCTGCTGCTGC,0,246,67545393,0,antisense,plus,"(250, 254)",AR,GCAGCAGCAGCAGCAAGAGACTA
682,GGCTAGTCTCTTGCTGCTGCTGC,0,249,67545396,0,antisense,plus,"(253, 257)",AR,GCAGCAGCAGCAAGAGACTAGCC
683,TGGGGCTAGTCTCTTGCTGCTGC,0,252,67545399,0,antisense,plus,"(256, 260)",AR,GCAGCAGCAAGAGACTAGCCCCA
684,GCTGCCTGGGGCTAGTCTCTTGC,0,258,67545405,0,antisense,plus,"(262, 266)",AR,GCAAGAGACTAGCCCCAGGCAGC
685,TGCTGCTGCTGCCTGGGGCTAGT,1,265,67545412,0,antisense,plus,"(269, 273)",AR,ACTAGCCCCAGGCAGCAGCAGCA
686,CTGCTGCTGCTGCTGCCTGGGGC,2,269,67545416,0,antisense,plus,"(273, 277)",AR,GCCCCAGGCAGCAGCAGCAGCAG
688,TGCTGCTGCTGCTGCTGCCTGGG,1,271,67545418,0,antisense,plus,"(275, 279)",AR,CCCAGGCAGCAGCAGCAGCAGCA
689,CTGCTGCTGCTGCTGCTGCCTGG,2,272,67545419,0,antisense,plus,"(276, 280)",AR,CCAGGCAGCAGCAGCAGCAGCAG
690,CACCCTGCTGCTGCTGCTGCTGC,0,276,67545423,0,antisense,plus,"(280, 284)",AR,GCAGCAGCAGCAGCAGCAGGGTG
692,CATCCTCACCCTGCTGCTGCTGC,0,282,67545429,0,antisense,plus,"(286, 290)",AR,GCAGCAGCAGCAGGGTGAGGATG
693,AACCATCCTCACCCTGCTGCTGC,0,285,67545432,0,antisense,plus,"(289, 293)",AR,GCAGCAGCAGGGTGAGGATGGTT
694,GAGAACCATCCTCACCCTGCTGC,0,288,67545435,0,antisense,plus,"(292, 296)",AR,GCAGCAGGGTGAGGATGGTTCTC
696,GGCCTCTACGATGGGCTTGGGGA,0,309,67545456,0,antisense,plus,"(313, 317)",AR,TCCCCAAGCCCATCGTAGAGGCC
697,GGGCCTCTACGATGGGCTTGGGG,1,310,67545457,0,antisense,plus,"(314, 318)",AR,CCCCAAGCCCATCGTAGAGGCCC
698,GGGGCCTCTACGATGGGCTTGGG,2,311,67545458,0,antisense,plus,"(315, 319)",AR,CCCAAGCCCATCGTAGAGGCCCC
699,TGGGGCCTCTACGATGGGCTTGG,0,312,67545459,0,antisense,plus,"(316, 320)",AR,CCAAGCCCATCGTAGAGGCCCCA
700,AGCCTGTGGGGCCTCTACGATGG,0,318,67545465,0,antisense,plus,"(322, 326)",AR,CCATCGTAGAGGCCCCACAGGCT
701,GGTAGCCTGTGGGGCCTCTACGA,0,321,67545468,0,antisense,plus,"(325, 329)",AR,TCGTAGAGGCCCCACAGGCTACC
702,CAGGACCAGGTAGCCTGTGGGGC,2,329,67545476,0,antisense,plus,"(333, 337)",AR,GCCCCACAGGCTACCTGGTCCTG
705,ATCCAGGACCAGGTAGCCTGTGG,2,332,67545479,0,antisense,plus,"(336, 340)",AR,CCACAGGCTACCTGGTCCTGGAT
707,TTCCTCATCCAGGACCAGGTAGC,2,338,67545485,0,antisense,plus,"(342, 346)",AR,GCTACCTGGTCCTGGATGAGGAA
708,CTGTTCCTCATCCAGGACCAGGT,2,341,67545488,0,antisense,plus,"(345, 349)",AR,ACCTGGTCCTGGATGAGGAACAG
710,AGGTTGCTGTTCCTCATCCAGGA,2,347,67545494,0,antisense,plus,"(351, 355)",AR,TCCTGGATGAGGAACAGCAACCT
711,AAGGTTGCTGTTCCTCATCCAGG,0,348,67545495,0,antisense,plus,"(352, 356)",AR,CCTGGATGAGGAACAGCAACCTT
714,GGGCCGACTGCGGCTGTGAAGGT,0,366,67545513,0,antisense,plus,"(370, 374)",AR,ACCTTCACAGCCGCAGTCGGCCC
715,AGGGCCGACTGCGGCTGTGAAGG,1,367,67545514,0,antisense,plus,"(371, 375)",AR,CCTTCACAGCCGCAGTCGGCCCT
718,GGCACTCCAGGGCCGACTGCGGC,0,375,67545522,0,antisense,plus,"(379, 383)",AR,GCCGCAGTCGGCCCTGGAGTGCC
719,TGGCACTCCAGGGCCGACTGCGG,1,376,67545523,0,antisense,plus,"(380, 384)",AR,CCGCAGTCGGCCCTGGAGTGCCA
720,GGTGGCACTCCAGGGCCGACTGC,0,378,67545525,0,antisense,plus,"(382, 386)",AR,GCAGTCGGCCCTGGAGTGCCACC
721,CTCTCGGGGTGGCACTCCAGGGC,1,385,67545532,0,antisense,plus,"(389, 393)",AR,GCCCTGGAGTGCCACCCCGAGAG
722,TCTCTCGGGGTGGCACTCCAGGG,2,386,67545533,0,antisense,plus,"(390, 394)",AR,CCCTGGAGTGCCACCCCGAGAGA
723,CTCTCTCGGGGTGGCACTCCAGG,0,387,67545534,0,antisense,plus,"(391, 395)",AR,CCTGGAGTGCCACCCCGAGAGAG
724,GACGCAACCTCTCTCGGGGTGGC,2,395,67545542,0,antisense,plus,"(399, 403)",AR,GCCACCCCGAGAGAGGTTGCGTC
725,GGACGCAACCTCTCTCGGGGTGG,0,396,67545543,0,antisense,plus,"(400, 404)",AR,CCACCCCGAGAGAGGTTGCGTCC
726,TGGGACGCAACCTCTCTCGGGGT,2,398,67545545,0,antisense,plus,"(402, 406)",AR,ACCCCGAGAGAGGTTGCGTCCCA
727,CTGGGACGCAACCTCTCTCGGGG,0,399,67545546,0,antisense,plus,"(403, 407)",AR,CCCCGAGAGAGGTTGCGTCCCAG
728,TCTGGGACGCAACCTCTCTCGGG,1,400,67545547,0,antisense,plus,"(404, 408)",AR,CCCGAGAGAGGTTGCGTCCCAGA
729,GGCGGCTCCAGGCTCTGGGACGC,2,413,67545560,0,antisense,plus,"(417, 421)",AR,GCGTCCCAGAGCCTGGAGCCGCC
730,CACGGCGGCTCCAGGCTCTGGGA,2,416,67545563,0,antisense,plus,"(420, 424)",AR,TCCCAGAGCCTGGAGCCGCCGTG
733,TGGCGGCCACGGCGGCTCCAGGC,0,423,67545570,0,antisense,plus,"(427, 431)",AR,GCCTGGAGCCGCCGTGGCCGCCA
734,CTGGCGGCCACGGCGGCTCCAGG,1,424,67545571,0,antisense,plus,"(428, 432)",AR,CCTGGAGCCGCCGTGGCCGCCAG
737,AGCCCCTTGCTGGCGGCCACGGC,1,433,67545580,0,antisense,plus,"(437, 441)",AR,GCCGTGGCCGCCAGCAAGGGGCT
738,CAGCCCCTTGCTGGCGGCCACGG,2,434,67545581,0,antisense,plus,"(438, 442)",AR,CCGTGGCCGCCAGCAAGGGGCTG
739,TGCGGCAGCCCCTTGCTGGCGGC,1,439,67545586,0,antisense,plus,"(443, 447)",AR,GCCGCCAGCAAGGGGCTGCCGCA
740,CTGCGGCAGCCCCTTGCTGGCGG,2,440,67545587,0,antisense,plus,"(444, 448)",AR,CCGCCAGCAAGGGGCTGCCGCAG
741,TGCTGCGGCAGCCCCTTGCTGGC,1,442,67545589,0,antisense,plus,"(446, 450)",AR,GCCAGCAAGGGGCTGCCGCAGCA
742,CTGCTGCGGCAGCCCCTTGCTGG,2,443,67545590,0,antisense,plus,"(447, 451)",AR,CCAGCAAGGGGCTGCCGCAGCAG
743,CAGCTGCTGCGGCAGCCCCTTGC,2,446,67545593,0,antisense,plus,"(450, 454)",AR,GCAAGGGGCTGCCGCAGCAGCTG
744,GTGCTGGCAGCTGCTGCGGCAGC,0,453,67545600,0,antisense,plus,"(457, 461)",AR,GCTGCCGCAGCAGCTGCCAGCAC
745,GAGGTGCTGGCAGCTGCTGCGGC,0,456,67545603,0,antisense,plus,"(460, 464)",AR,GCCGCAGCAGCTGCCAGCACCTC
746,GGAGGTGCTGGCAGCTGCTGCGG,1,457,67545604,0,antisense,plus,"(461, 465)",AR,CCGCAGCAGCTGCCAGCACCTCC
747,CGTCCGGAGGTGCTGGCAGCTGC,0,462,67545609,0,antisense,plus,"(466, 470)",AR,GCAGCTGCCAGCACCTCCGGACG
749,CATCCTCGTCCGGAGGTGCTGGC,0,468,67545615,0,antisense,plus,"(472, 476)",AR,GCCAGCACCTCCGGACGAGGATG
751,GAGTCATCCTCGTCCGGAGGTGC,1,472,67545619,0,antisense,plus,"(476, 480)",AR,GCACCTCCGGACGAGGATGACTC
752,CTGAGTCATCCTCGTCCGGAGGT,0,474,67545621,0,antisense,plus,"(478, 482)",AR,ACCTCCGGACGAGGATGACTCAG
754,CAGCTGAGTCATCCTCGTCCGGA,0,477,67545624,0,antisense,plus,"(481, 485)",AR,TCCGGACGAGGATGACTCAGCTG
756,TGGGGCAGCTGAGTCATCCTCGT,2,482,67545629,0,antisense,plus,"(486, 490)",AR,ACGAGGATGACTCAGCTGCCCCA
757,CAACGTGGATGGGGCAGCTGAGT,2,491,67545638,0,antisense,plus,"(495, 499)",AR,ACTCAGCTGCCCCATCCACGTTG
758,GACAACGTGGATGGGGCAGCTGA,1,493,67545640,0,antisense,plus,"(497, 501)",AR,TCAGCTGCCCCATCCACGTTGTC
759,AGGGACAACGTGGATGGGGCAGC,1,496,67545643,0,antisense,plus,"(500, 504)",AR,GCTGCCCCATCCACGTTGTCCCT
760,CAGCAGGGACAACGTGGATGGGG,2,500,67545647,0,antisense,plus,"(504, 508)",AR,CCCCATCCACGTTGTCCCTGCTG
763,GGGCCCAGCAGGGACAACGTGGA,1,505,67545652,0,antisense,plus,"(509, 513)",AR,TCCACGTTGTCCCTGCTGGGCCC
764,GGGGCCCAGCAGGGACAACGTGG,2,506,67545653,0,antisense,plus,"(510, 514)",AR,CCACGTTGTCCCTGCTGGGCCCC
765,GTGGGGCCCAGCAGGGACAACGT,1,508,67545655,0,antisense,plus,"(512, 516)",AR,ACGTTGTCCCTGCTGGGCCCCAC
766,AGCCGGGGAAAGTGGGGCCCAGC,0,519,67545666,0,antisense,plus,"(523, 527)",AR,GCTGGGCCCCACTTTCCCCGGCT
768,CTGCTTAAGCCGGGGAAAGTGGG,1,526,67545673,0,antisense,plus,"(530, 534)",AR,CCCACTTTCCCCGGCTTAAGCAG
770,CAGCTGCTTAAGCCGGGGAAAGT,1,529,67545676,0,antisense,plus,"(533, 537)",AR,ACTTTCCCCGGCTTAAGCAGCTG
771,GGAGCAGCTGCTTAAGCCGGGGA,2,533,67545680,0,antisense,plus,"(537, 541)",AR,TCCCCGGCTTAAGCAGCTGCTCC
772,CGGAGCAGCTGCTTAAGCCGGGG,0,534,67545681,0,antisense,plus,"(538, 542)",AR,CCCCGGCTTAAGCAGCTGCTCCG
774,AGCGGAGCAGCTGCTTAAGCCGG,2,536,67545683,0,antisense,plus,"(540, 544)",AR,CCGGCTTAAGCAGCTGCTCCGCT
775,GTCAGCGGAGCAGCTGCTTAAGC,2,539,67545686,0,antisense,plus,"(543, 547)",AR,GCTTAAGCAGCTGCTCCGCTGAC
776,GATGTCTTTAAGGTCAGCGGAGC,2,551,67545698,0,antisense,plus,"(555, 559)",AR,GCTCCGCTGACCTTAAAGACATC
777,AGGATGTCTTTAAGGTCAGCGGA,1,553,67545700,0,antisense,plus,"(557, 561)",AR,TCCGCTGACCTTAAAGACATCCT
778,CTCGCTCAGGATGTCTTTAAGGT,2,560,67545707,0,antisense,plus,"(564, 568)",AR,ACCTTAAAGACATCCTGAGCGAG
779,CCTCGCTCAGGATGTCTTTAAGG,0,561,67545708,0,antisense,plus,"(565, 569)",AR,CCTTAAAGACATCCTGAGCGAGG
780,GGTGCTGGCCTCGCTCAGGATGT,2,569,67545716,0,antisense,plus,"(573, 577)",AR,ACATCCTGAGCGAGGCCAGCACC
781,CATGGTGCTGGCCTCGCTCAGGA,2,572,67545719,0,antisense,plus,"(576, 580)",AR,TCCTGAGCGAGGCCAGCACCATG
782,GAGTTGCATGGTGCTGGCCTCGC,2,578,67545725,0,antisense,plus,"(582, 586)",AR,GCGAGGCCAGCACCATGCAACTC
783,TTGCTGAAGGAGTTGCATGGTGC,2,587,67545734,0,antisense,plus,"(591, 595)",AR,GCACCATGCAACTCCTTCAGCAA
784,TGTTGCTGAAGGAGTTGCATGGT,1,589,67545736,0,antisense,plus,"(593, 597)",AR,ACCATGCAACTCCTTCAGCAACA
785,CTGTTGCTGAAGGAGTTGCATGG,2,590,67545737,0,antisense,plus,"(594, 598)",AR,CCATGCAACTCCTTCAGCAACAG
788,TTCCTGCTGCTGTTGCTGAAGGA,2,599,67545746,0,antisense,plus,"(603, 607)",AR,TCCTTCAGCAACAGCAGCAGGAA
789,CTTCCTGCTGCTGTTGCTGAAGG,0,600,67545747,0,antisense,plus,"(604, 608)",AR,CCTTCAGCAACAGCAGCAGGAAG
790,CTGCTTCCTGCTGCTGTTGCTGA,0,603,67545750,0,antisense,plus,"(607, 611)",AR,TCAGCAACAGCAGCAGGAAGCAG
791,ATACTGCTTCCTGCTGCTGTTGC,0,606,67545753,0,antisense,plus,"(610, 614)",AR,GCAACAGCAGCAGGAAGCAGTAT
792,CGGATACTGCTTCCTGCTGCTGT,0,609,67545756,0,antisense,plus,"(613, 617)",AR,ACAGCAGCAGGAAGCAGTATCCG
793,CTTCGGATACTGCTTCCTGCTGC,0,612,67545759,0,antisense,plus,"(616, 620)",AR,GCAGCAGGAAGCAGTATCCGAAG
794,TGCCTTCGGATACTGCTTCCTGC,0,615,67545762,0,antisense,plus,"(619, 623)",AR,GCAGGAAGCAGTATCCGAAGGCA
795,CTGCTGCTGCCTTCGGATACTGC,1,622,67545769,0,antisense,plus,"(626, 630)",AR,GCAGTATCCGAAGGCAGCAGCAG
796,CTCCCGCTGCTGCTGCCTTCGGA,1,628,67545775,0,antisense,plus,"(632, 636)",AR,TCCGAAGGCAGCAGCAGCGGGAG
799,CTCCCTCGCTCTCCCGCTGCTGC,2,638,67545785,0,antisense,plus,"(642, 646)",AR,GCAGCAGCGGGAGAGCGAGGGAG
800,GGCCTCCCTCGCTCTCCCGCTGC,2,641,67545788,0,antisense,plus,"(645, 649)",AR,GCAGCGGGAGAGCGAGGGAGGCC
801,CGAGGCCTCCCTCGCTCTCCCGC,2,644,67545791,0,antisense,plus,"(648, 652)",AR,GCGGGAGAGCGAGGGAGGCCTCG
802,GGAGCCCCCGAGGCCTCCCTCGC,1,652,67545799,0,antisense,plus,"(656, 660)",AR,GCGAGGGAGGCCTCGGGGGCTCC
803,TTGTCCTTGGAGGAAGTGGGAGC,1,670,67545817,0,antisense,plus,"(674, 678)",AR,GCTCCCACTTCCTCCAAGGACAA
804,AATTGTCCTTGGAGGAAGTGGGA,0,672,67545819,0,antisense,plus,"(676, 680)",AR,TCCCACTTCCTCCAAGGACAATT
805,TAATTGTCCTTGGAGGAAGTGGG,1,673,67545820,0,antisense,plus,"(677, 681)",AR,CCCACTTCCTCCAAGGACAATTA
806,CCCCCTAAGTAATTGTCCTTGGA,1,682,67545829,0,antisense,plus,"(686, 690)",AR,TCCAAGGACAATTACTTAGGGGG
808,CGAAGTGCCCCCTAAGTAATTGT,2,689,67545836,0,antisense,plus,"(693, 697)",AR,ACAATTACTTAGGGGGCACTTCG
809,AATGGTCGAAGTGCCCCCTAAGT,2,695,67545842,0,antisense,plus,"(699, 703)",AR,ACTTAGGGGGCACTTCGACCATT
810,GTTGTCAGAAATGGTCGAAGTGC,2,704,67545851,0,antisense,plus,"(708, 712)",AR,GCACTTCGACCATTTCTGACAAC
812,TTGGCGTTGTCAGAAATGGTCGA,1,709,67545856,0,antisense,plus,"(713, 717)",AR,TCGACCATTTCTGACAACGCCAA
814,CTCCTTGGCGTTGTCAGAAATGG,2,713,67545860,0,antisense,plus,"(717, 721)",AR,CCATTTCTGACAACGCCAAGGAG
815,CACAACTCCTTGGCGTTGTCAGA,1,718,67545865,0,antisense,plus,"(722, 726)",AR,TCTGACAACGCCAAGGAGTTGTG
816,CTTACACAACTCCTTGGCGTTGT,2,722,67545869,0,antisense,plus,"(726, 730)",AR,ACAACGCCAAGGAGTTGTGTAAG
817,TGCCTTACACAACTCCTTGGCGT,2,725,67545872,0,antisense,plus,"(729, 733)",AR,ACGCCAAGGAGTTGTGTAAGGCA
818,ACTGCCTTACACAACTCCTTGGC,1,727,67545874,0,antisense,plus,"(731, 735)",AR,GCCAAGGAGTTGTGTAAGGCAGT
819,CACTGCCTTACACAACTCCTTGG,2,728,67545875,0,antisense,plus,"(732, 736)",AR,CCAAGGAGTTGTGTAAGGCAGTG
820,AGGCCCATGGACACCGACACTGC,1,745,67545892,0,antisense,plus,"(749, 753)",AR,GCAGTGTCGGTGTCCATGGGCCT
822,GCCTCCACACCCAGGCCCATGGA,1,757,67545904,0,antisense,plus,"(761, 765)",AR,TCCATGGGCCTGGGTGTGGAGGC
823,CGCCTCCACACCCAGGCCCATGG,2,758,67545905,0,antisense,plus,"(762, 766)",AR,CCATGGGCCTGGGTGTGGAGGCG
824,CTCCAACGCCTCCACACCCAGGC,2,764,67545911,0,antisense,plus,"(768, 772)",AR,GCCTGGGTGTGGAGGCGTTGGAG
825,GCTCCAACGCCTCCACACCCAGG,0,765,67545912,0,antisense,plus,"(769, 773)",AR,CCTGGGTGTGGAGGCGTTGGAGC
826,CCTGGACTCAGATGCTCCAACGC,1,778,67545925,0,antisense,plus,"(782, 786)",AR,GCGTTGGAGCATCTGAGTCCAGG
828,GAAGCTGTTCCCCTGGACTCAGA,0,789,67545936,0,antisense,plus,"(793, 797)",AR,TCTGAGTCCAGGGGAACAGCTTC
829,CCCCCCGAAGCTGTTCCCCTGGA,0,795,67545942,0,antisense,plus,"(799, 803)",AR,TCCAGGGGAACAGCTTCGGGGGG
830,TCCCCCCGAAGCTGTTCCCCTGG,1,796,67545943,0,antisense,plus,"(800, 804)",AR,CCAGGGGAACAGCTTCGGGGGGA
832,CGTACATGCAATCCCCCCGAAGC,0,807,67545954,0,antisense,plus,"(811, 815)",AR,GCTTCGGGGGGATTGCATGTACG
833,GGGCGTACATGCAATCCCCCCGA,0,810,67545957,0,antisense,plus,"(814, 818)",AR,TCGGGGGGATTGCATGTACGCCC
835,TGGAACTCCCAAAAGTGGGGCGT,2,827,67545974,0,antisense,plus,"(831, 835)",AR,ACGCCCCACTTTTGGGAGTTCCA
836,GGTGGAACTCCCAAAAGTGGGGC,1,829,67545976,0,antisense,plus,"(833, 837)",AR,GCCCCACTTTTGGGAGTTCCACC
837,CAGCGGGTGGAACTCCCAAAAGT,0,834,67545981,0,antisense,plus,"(838, 842)",AR,ACTTTTGGGAGTTCCACCCGCTG
839,ATGGGGCACAAGGAGTGGGACGC,0,858,67546005,0,antisense,plus,"(862, 866)",AR,GCGTCCCACTCCTTGTGCCCCAT
840,GGCCAATGGGGCACAAGGAGTGG,2,863,67546010,0,antisense,plus,"(867, 871)",AR,CCACTCCTTGTGCCCCATTGGCC
842,ATTCGGCCAATGGGGCACAAGGA,0,867,67546014,0,antisense,plus,"(871, 875)",AR,TCCTTGTGCCCCATTGGCCGAAT
843,CATTCGGCCAATGGGGCACAAGG,1,868,67546015,0,antisense,plus,"(872, 876)",AR,CCTTGTGCCCCATTGGCCGAATG
846,AACCTTTGCATTCGGCCAATGGG,0,876,67546023,0,antisense,plus,"(880, 884)",AR,CCCATTGGCCGAATGCAAAGGTT
847,GAACCTTTGCATTCGGCCAATGG,1,877,67546024,0,antisense,plus,"(881, 885)",AR,CCATTGGCCGAATGCAAAGGTTC
848,TAGCAGAGAACCTTTGCATTCGG,2,884,67546031,0,antisense,plus,"(888, 892)",AR,CCGAATGCAAAGGTTCTCTGCTA
849,GTCGTCTAGCAGAGAACCTTTGC,2,890,67546037,0,antisense,plus,"(894, 898)",AR,GCAAAGGTTCTCTGCTAGACGAC
851,TGCCTGCGCTGTCGTCTAGCAGA,0,900,67546047,0,antisense,plus,"(904, 908)",AR,TCTGCTAGACGACAGCGCAGGCA
853,AGTGCTCTTGCCTGCGCTGTCGT,2,908,67546055,0,antisense,plus,"(912, 916)",AR,ACGACAGCGCAGGCAAGAGCACT
854,TTCAGTGCTCTTGCCTGCGCTGT,2,911,67546058,0,antisense,plus,"(915, 919)",AR,ACAGCGCAGGCAAGAGCACTGAA
855,ATCTTCAGTGCTCTTGCCTGCGC,2,914,67546061,0,antisense,plus,"(918, 922)",AR,GCGCAGGCAAGAGCACTGAAGAT
856,GTATCTTCAGTGCTCTTGCCTGC,1,916,67546063,0,antisense,plus,"(920, 924)",AR,GCAGGCAAGAGCACTGAAGATAC
857,ATACTCAGCAGTATCTTCAGTGC,2,926,67546073,0,antisense,plus,"(930, 934)",AR,GCACTGAAGATACTGCTGAGTAT
858,GAATACTCAGCAGTATCTTCAGT,1,928,67546075,0,antisense,plus,"(932, 936)",AR,ACTGAAGATACTGCTGAGTATTC
859,GTGTAACCTCCCTTGAAAGGGGA,1,949,67546096,0,antisense,plus,"(953, 957)",AR,TCCCCTTTCAAGGGAGGTTACAC
860,GGTGTAACCTCCCTTGAAAGGGG,2,950,67546097,0,antisense,plus,"(954, 958)",AR,CCCCTTTCAAGGGAGGTTACACC
861,CTCGCCTTCTAGCCCTTTGGTGT,2,968,67546115,0,antisense,plus,"(972, 976)",AR,ACACCAAAGGGCTAGAAGGCGAG
862,CTCTCGCCTTCTAGCCCTTTGGT,1,970,67546117,0,antisense,plus,"(974, 978)",AR,ACCAAAGGGCTAGAAGGCGAGAG
863,GCTCTCGCCTTCTAGCCCTTTGG,2,971,67546118,0,antisense,plus,"(975, 979)",AR,CCAAAGGGCTAGAAGGCGAGAGC
864,AGCCTAGGCTCTCGCCTTCTAGC,0,978,67546125,0,antisense,plus,"(982, 986)",AR,GCTAGAAGGCGAGAGCCTAGGCT
866,AGCGCTGCCAGAGCAGCCTAGGC,2,992,67546139,0,antisense,plus,"(996, 1000)",AR,GCCTAGGCTGCTCTGGCAGCGCT
867,CAGCGCTGCCAGAGCAGCCTAGG,0,993,67546140,0,antisense,plus,"(997, 1001)",AR,CCTAGGCTGCTCTGGCAGCGCTG
868,TGCTGCAGCGCTGCCAGAGCAGC,2,998,67546145,0,antisense,plus,"(1002, 1006)",AR,GCTGCTCTGGCAGCGCTGCAGCA
870,CTCCCTGCTGCAGCGCTGCCAGA,1,1003,67546150,0,antisense,plus,"(1007, 1011)",AR,TCTGGCAGCGCTGCAGCAGGGAG
871,GGAGCTCCCTGCTGCAGCGCTGC,2,1007,67546154,0,antisense,plus,"(1011, 1015)",AR,GCAGCGCTGCAGCAGGGAGCTCC
873,GTCCCGGAGCTCCCTGCTGCAGC,1,1012,67546159,0,antisense,plus,"(1016, 1020)",AR,GCTGCAGCAGGGAGCTCCGGGAC
874,AGTGTCCCGGAGCTCCCTGCTGC,1,1015,67546162,0,antisense,plus,"(1019, 1023)",AR,GCAGCAGGGAGCTCCGGGACACT
875,CGGCAGTTCAAGTGTCCCGGAGC,2,1025,67546172,0,antisense,plus,"(1029, 1033)",AR,GCTCCGGGACACTTGAACTGCCG
876,GACGGCAGTTCAAGTGTCCCGGA,1,1027,67546174,0,antisense,plus,"(1031, 1035)",AR,TCCGGGACACTTGAACTGCCGTC
877,AGACGGCAGTTCAAGTGTCCCGG,2,1028,67546175,0,antisense,plus,"(1032, 1036)",AR,CCGGGACACTTGAACTGCCGTCT
878,AGAGAGACAGGGTAGACGGCAGT,0,1041,67546188,0,antisense,plus,"(1045, 1049)",AR,ACTGCCGTCTACCCTGTCTCTCT
881,CTCCGGACTTGTAGAGAGACAGG,0,1053,67546200,0,antisense,plus,"(1057, 1061)",AR,CCTGTCTCTCTACAAGTCCGGAG
882,AGTGCTCCGGACTTGTAGAGAGA,1,1057,67546204,0,antisense,plus,"(1061, 1065)",AR,TCTCTCTACAAGTCCGGAGCACT
884,GTCCAGTGCTCCGGACTTGTAGA,2,1061,67546208,0,antisense,plus,"(1065, 1069)",AR,TCTACAAGTCCGGAGCACTGGAC
885,CTCGTCCAGTGCTCCGGACTTGT,2,1064,67546211,0,antisense,plus,"(1068, 1072)",AR,ACAAGTCCGGAGCACTGGACGAG
887,AGCTGCCTCGTCCAGTGCTCCGG,2,1070,67546217,0,antisense,plus,"(1074, 1078)",AR,CCGGAGCACTGGACGAGGCAGCT
888,TACGCAGCTGCCTCGTCCAGTGC,1,1075,67546222,0,antisense,plus,"(1079, 1083)",AR,GCACTGGACGAGGCAGCTGCGTA
889,GGTACGCAGCTGCCTCGTCCAGT,0,1077,67546224,0,antisense,plus,"(1081, 1085)",AR,ACTGGACGAGGCAGCTGCGTACC
892,TAGTCGCGACTCTGGTACGCAGC,1,1090,67546237,0,antisense,plus,"(1094, 1098)",AR,GCTGCGTACCAGAGTCGCGACTA
893,TAGTAGTCGCGACTCTGGTACGC,1,1093,67546240,0,antisense,plus,"(1097, 1101)",AR,GCGTACCAGAGTCGCGACTACTA
894,AGCCAGTGGAAAGTTGTAGTAGT,2,1109,67546256,0,antisense,plus,"(1113, 1117)",AR,ACTACTACAACTTTCCACTGGCT
895,CAGAGCCAGTGGAAAGTTGTAGT,2,1112,67546259,0,antisense,plus,"(1116, 1120)",AR,ACTACAACTTTCCACTGGCTCTG
896,GGCCAGAGCCAGTGGAAAGTTGT,2,1115,67546262,0,antisense,plus,"(1119, 1123)",AR,ACAACTTTCCACTGGCTCTGGCC
899,GGCGGTCCGGCCAGAGCCAGTGG,1,1123,67546270,0,antisense,plus,"(1127, 1131)",AR,CCACTGGCTCTGGCCGGACCGCC
901,GGGGGCGGCGGTCCGGCCAGAGC,1,1129,67546276,0,antisense,plus,"(1133, 1137)",AR,GCTCTGGCCGGACCGCCGCCCCC
902,GAGGGGGCGGCGGTCCGGCCAGA,0,1131,67546278,0,antisense,plus,"(1135, 1139)",AR,TCTGGCCGGACCGCCGCCCCCTC
903,CGGCGGAGGGGGCGGCGGTCCGG,2,1136,67546283,0,antisense,plus,"(1140, 1144)",AR,CCGGACCGCCGCCCCCTCCGCCG
904,GAGGCGGCGGAGGGGGCGGCGGT,0,1140,67546287,0,antisense,plus,"(1144, 1148)",AR,ACCGCCGCCCCCTCCGCCGCCTC
905,GGAGGCGGCGGAGGGGGCGGCGG,1,1141,67546288,0,antisense,plus,"(1145, 1149)",AR,CCGCCGCCCCCTCCGCCGCCTCC
906,GGGGAGGCGGCGGAGGGGGCGGC,0,1143,67546290,0,antisense,plus,"(1147, 1151)",AR,GCCGCCCCCTCCGCCGCCTCCCC
907,GAGCGTGGGGATGGGGAGGCGGC,0,1155,67546302,0,antisense,plus,"(1159, 1163)",AR,GCCGCCTCCCCATCCCCACGCTC
908,CGAGCGTGGGGATGGGGAGGCGG,1,1156,67546303,0,antisense,plus,"(1160, 1164)",AR,CCGCCTCCCCATCCCCACGCTCG
909,TGCGAGCGTGGGGATGGGGAGGC,0,1158,67546305,0,antisense,plus,"(1162, 1166)",AR,GCCTCCCCATCCCCACGCTCGCA
910,ATGCGAGCGTGGGGATGGGGAGG,1,1159,67546306,0,antisense,plus,"(1163, 1167)",AR,CCTCCCCATCCCCACGCTCGCAT
911,TGATGCGAGCGTGGGGATGGGGA,0,1161,67546308,0,antisense,plus,"(1165, 1169)",AR,TCCCCATCCCCACGCTCGCATCA
912,TTGATGCGAGCGTGGGGATGGGG,1,1162,67546309,0,antisense,plus,"(1166, 1170)",AR,CCCCATCCCCACGCTCGCATCAA
913,CTTGATGCGAGCGTGGGGATGGG,2,1163,67546310,0,antisense,plus,"(1167, 1171)",AR,CCCATCCCCACGCTCGCATCAAG
916,CTCCAGCTTGATGCGAGCGTGGG,2,1169,67546316,0,antisense,plus,"(1173, 1177)",AR,CCCACGCTCGCATCAAGCTGGAG
918,GTTCTCCAGCTTGATGCGAGCGT,2,1172,67546319,0,antisense,plus,"(1176, 1180)",AR,ACGCTCGCATCAAGCTGGAGAAC
919,GGGTTCTCCAGCTTGATGCGAGC,1,1174,67546321,0,antisense,plus,"(1178, 1182)",AR,GCTCGCATCAAGCTGGAGAACCC
921,CAGCGGGTTCTCCAGCTTGATGC,2,1178,67546325,0,antisense,plus,"(1182, 1186)",AR,GCATCAAGCTGGAGAACCCGCTG
922,GTCCAGCGGGTTCTCCAGCTTGA,2,1181,67546328,0,antisense,plus,"(1185, 1189)",AR,TCAAGCTGGAGAACCCGCTGGAC
923,CGTAGTCCAGCGGGTTCTCCAGC,0,1185,67546332,0,antisense,plus,"(1189, 1193)",AR,GCTGGAGAACCCGCTGGACTACG
924,GGCGCTGCCGTAGTCCAGCGGGT,2,1193,67546340,0,antisense,plus,"(1197, 1201)",AR,ACCCGCTGGACTACGGCAGCGCC
925,AGGCGCTGCCGTAGTCCAGCGGG,0,1194,67546341,0,antisense,plus,"(1198, 1202)",AR,CCCGCTGGACTACGGCAGCGCCT
926,CAGGCGCTGCCGTAGTCCAGCGG,1,1195,67546342,0,antisense,plus,"(1199, 1203)",AR,CCGCTGGACTACGGCAGCGCCTG
928,AGCCGCCCAGGCGCTGCCGTAGT,2,1202,67546349,0,antisense,plus,"(1206, 1210)",AR,ACTACGGCAGCGCCTGGGCGGCT
929,CGCAGCCGCCCAGGCGCTGCCGT,2,1205,67546352,0,antisense,plus,"(1209, 1213)",AR,ACGGCAGCGCCTGGGCGGCTGCG
930,CGCCGCAGCCGCCCAGGCGCTGC,2,1208,67546355,0,antisense,plus,"(1212, 1216)",AR,GCAGCGCCTGGGCGGCTGCGGCG
931,CGCCGCCGCAGCCGCCCAGGCGC,2,1211,67546358,0,antisense,plus,"(1215, 1219)",AR,GCGCCTGGGCGGCTGCGGCGGCG
932,TGCGCCGCCGCAGCCGCCCAGGC,1,1213,67546360,0,antisense,plus,"(1217, 1221)",AR,GCCTGGGCGGCTGCGGCGGCGCA
933,CTGCGCCGCCGCAGCCGCCCAGG,2,1214,67546361,0,antisense,plus,"(1218, 1222)",AR,CCTGGGCGGCTGCGGCGGCGCAG
934,CGGCACTGCGCCGCCGCAGCCGC,1,1219,67546366,0,antisense,plus,"(1223, 1227)",AR,GCGGCTGCGGCGGCGCAGTGCCG
935,TAGCGGCACTGCGCCGCCGCAGC,1,1222,67546369,0,antisense,plus,"(1226, 1230)",AR,GCTGCGGCGGCGCAGTGCCGCTA
938,AGGTCCCCATAGCGGCACTGCGC,1,1231,67546378,0,antisense,plus,"(1235, 1239)",AR,GCGCAGTGCCGCTATGGGGACCT
941,GGCTCGCCAGGTCCCCATAGCGG,0,1239,67546386,0,antisense,plus,"(1243, 1247)",AR,CCGCTATGGGGACCTGGCGAGCC
942,CAGGCTCGCCAGGTCCCCATAGC,2,1241,67546388,0,antisense,plus,"(1245, 1249)",AR,GCTATGGGGACCTGGCGAGCCTG
943,CGCGCCATGCAGGCTCGCCAGGT,2,1250,67546397,0,antisense,plus,"(1254, 1258)",AR,ACCTGGCGAGCCTGCATGGCGCG
946,CGCTGCACCCGCGCCATGCAGGC,2,1259,67546406,0,antisense,plus,"(1263, 1267)",AR,GCCTGCATGGCGCGGGTGCAGCG
948,GTCCCGCTGCACCCGCGCCATGC,0,1263,67546410,0,antisense,plus,"(1267, 1271)",AR,GCATGGCGCGGGTGCAGCGGGAC
950,GAACCGGGTCCCGCTGCACCCGC,1,1270,67546417,0,antisense,plus,"(1274, 1278)",AR,GCGGGTGCAGCGGGACCCGGTTC
951,GACCCAGAACCGGGTCCCGCTGC,1,1276,67546423,0,antisense,plus,"(1280, 1284)",AR,GCAGCGGGACCCGGTTCTGGGTC
952,GGTGACCCAGAACCGGGTCCCGC,1,1279,67546426,0,antisense,plus,"(1283, 1287)",AR,GCGGGACCCGGTTCTGGGTCACC
954,GAGGAAGCGGCGGCTGAGGGTGA,1,1297,67546444,0,antisense,plus,"(1301, 1305)",AR,TCACCCTCAGCCGCCGCTTCCTC
955,TGCCAGGATGAGGAAGCGGCGGC,1,1306,67546453,0,antisense,plus,"(1310, 1314)",AR,GCCGCCGCTTCCTCATCCTGGCA
956,GTGCCAGGATGAGGAAGCGGCGG,2,1307,67546454,0,antisense,plus,"(1311, 1315)",AR,CCGCCGCTTCCTCATCCTGGCAC
957,GTGTGCCAGGATGAGGAAGCGGC,1,1309,67546456,0,antisense,plus,"(1313, 1317)",AR,GCCGCTTCCTCATCCTGGCACAC
958,AGTGTGCCAGGATGAGGAAGCGG,2,1310,67546457,0,antisense,plus,"(1314, 1318)",AR,CCGCTTCCTCATCCTGGCACACT
959,CTTCGGCTGTGAAGAGAGTGTGC,0,1326,67546473,0,antisense,plus,"(1330, 1334)",AR,GCACACTCTCTTCACAGCCGAAG
960,TTCTTCGGCTGTGAAGAGAGTGT,2,1328,67546475,0,antisense,plus,"(1332, 1336)",AR,ACACTCTCTTCACAGCCGAAGAA
962,GGCCTTCTTCGGCTGTGAAGAGA,0,1332,67546479,0,antisense,plus,"(1336, 1340)",AR,TCTCTTCACAGCCGAAGAAGGCC
963,CTGGCCTTCTTCGGCTGTGAAGA,2,1334,67546481,0,antisense,plus,"(1338, 1342)",AR,TCTTCACAGCCGAAGAAGGCCAG
964,CAACTGGCCTTCTTCGGCTGTGA,2,1337,67546484,0,antisense,plus,"(1341, 1345)",AR,TCACAGCCGAAGAAGGCCAGTTG
965,TACAACTGGCCTTCTTCGGCTGT,1,1339,67546486,0,antisense,plus,"(1343, 1347)",AR,ACAGCCGAAGAAGGCCAGTTGTA
966,CCATACAACTGGCCTTCTTCGGC,1,1342,67546489,0,antisense,plus,"(1346, 1350)",AR,GCCGAAGAAGGCCAGTTGTATGG
967,TCCATACAACTGGCCTTCTTCGG,2,1343,67546490,0,antisense,plus,"(1347, 1351)",AR,CCGAAGAAGGCCAGTTGTATGGA
968,ACCACACGGTCCATACAACTGGC,2,1352,67546499,0,antisense,plus,"(1356, 1360)",AR,GCCAGTTGTATGGACCGTGTGGT
969,CACCACACGGTCCATACAACTGG,0,1353,67546500,0,antisense,plus,"(1357, 1361)",AR,CCAGTTGTATGGACCGTGTGGTG
970,CACCCCCACCACCACCACACGGT,0,1365,67546512,0,antisense,plus,"(1369, 1373)",AR,ACCGTGTGGTGGTGGTGGGGGTG
971,CCACCCCCACCACCACCACACGG,1,1366,67546513,0,antisense,plus,"(1370, 1374)",AR,CCGTGTGGTGGTGGTGGGGGTGG
972,CTCGCCGCCGCCGCCGCCGCCGC,2,1421,67546568,0,antisense,plus,"(1425, 1429)",AR,GCGGCGGCGGCGGCGGCGGCGAG
973,CGCCTCGCCGCCGCCGCCGCCGC,2,1424,67546571,0,antisense,plus,"(1428, 1432)",AR,GCGGCGGCGGCGGCGGCGAGGCG
975,AGCTCCCGCCTCGCCGCCGCCGC,2,1430,67546577,0,antisense,plus,"(1434, 1438)",AR,GCGGCGGCGGCGAGGCGGGAGCT
976,TACAGCTCCCGCCTCGCCGCCGC,2,1433,67546580,0,antisense,plus,"(1437, 1441)",AR,GCGGCGGCGAGGCGGGAGCTGTA
977,GGCTACAGCTCCCGCCTCGCCGC,2,1436,67546583,0,antisense,plus,"(1440, 1444)",AR,GCGGCGAGGCGGGAGCTGTAGCC
978,GGGGGCTACAGCTCCCGCCTCGC,2,1439,67546586,0,antisense,plus,"(1443, 1447)",AR,GCGAGGCGGGAGCTGTAGCCCCC
979,GTGTAGCCGTAGGGGGCTACAGC,1,1450,67546597,0,antisense,plus,"(1454, 1458)",AR,GCTGTAGCCCCCTACGGCTACAC
980,GGCCGAGTGTAGCCGTAGGGGGC,1,1456,67546603,0,antisense,plus,"(1460, 1464)",AR,GCCCCCTACGGCTACACTCGGCC
981,GGGCCGAGTGTAGCCGTAGGGGG,2,1457,67546604,0,antisense,plus,"(1461, 1465)",AR,CCCCCTACGGCTACACTCGGCCC
982,GGGGCCGAGTGTAGCCGTAGGGG,0,1458,67546605,0,antisense,plus,"(1462, 1466)",AR,CCCCTACGGCTACACTCGGCCCC
983,GGGGGCCGAGTGTAGCCGTAGGG,1,1459,67546606,0,antisense,plus,"(1463, 1467)",AR,CCCTACGGCTACACTCGGCCCCC
984,AGGGGGCCGAGTGTAGCCGTAGG,2,1460,67546607,0,antisense,plus,"(1464, 1468)",AR,CCTACGGCTACACTCGGCCCCCT
986,CAGCCCCTGAGGGGGCCGAGTGT,2,1469,67546616,0,antisense,plus,"(1473, 1477)",AR,ACACTCGGCCCCCTCAGGGGCTG
989,GGCCCGCCAGCCCCTGAGGGGGC,0,1476,67546623,0,antisense,plus,"(1480, 1484)",AR,GCCCCCTCAGGGGCTGGCGGGCC
990,TGGCCCGCCAGCCCCTGAGGGGG,1,1477,67546624,0,antisense,plus,"(1481, 1485)",AR,CCCCCTCAGGGGCTGGCGGGCCA
991,CTGGCCCGCCAGCCCCTGAGGGG,2,1478,67546625,0,antisense,plus,"(1482, 1486)",AR,CCCCTCAGGGGCTGGCGGGCCAG
994,TTTCCTGGCCCGCCAGCCCCTGA,0,1482,67546629,0,antisense,plus,"(1486, 1490)",AR,TCAGGGGCTGGCGGGCCAGGAAA
995,AGTCGCTTTCCTGGCCCGCCAGC,0,1488,67546635,0,antisense,plus,"(1492, 1496)",AR,GCTGGCGGGCCAGGAAAGCGACT
996,GTGAAGTCGCTTTCCTGGCCCGC,1,1492,67546639,0,antisense,plus,"(1496, 1500)",AR,GCGGGCCAGGAAAGCGACTTCAC
997,GTGCGGTGAAGTCGCTTTCCTGG,0,1497,67546644,0,antisense,plus,"(1501, 1505)",AR,CCAGGAAAGCGACTTCACCGCAC
998,CACATCAGGTGCGGTGAAGTCGC,2,1505,67546652,0,antisense,plus,"(1509, 1513)",AR,GCGACTTCACCGCACCTGATGTG
1000,GTACCACACATCAGGTGCGGTGA,2,1511,67546658,0,antisense,plus,"(1515, 1519)",AR,TCACCGCACCTGATGTGTGGTAC
1001,GGGTACCACACATCAGGTGCGGT,1,1513,67546660,0,antisense,plus,"(1517, 1521)",AR,ACCGCACCTGATGTGTGGTACCC
1002,AGGGTACCACACATCAGGTGCGG,2,1514,67546661,0,antisense,plus,"(1518, 1522)",AR,CCGCACCTGATGTGTGGTACCCT
1003,CGCCAGGGTACCACACATCAGGT,0,1518,67546665,0,antisense,plus,"(1522, 1526)",AR,ACCTGATGTGTGGTACCCTGGCG
1004,CCGCCAGGGTACCACACATCAGG,1,1519,67546666,0,antisense,plus,"(1523, 1527)",AR,CCTGATGTGTGGTACCCTGGCGG
1006,CTCTGCTCACCATGCCGCCAGGG,0,1533,67546680,0,antisense,plus,"(1537, 1541)",AR,CCCTGGCGGCATGGTGAGCAGAG
1008,GGGCACTCTGCTCACCATGCCGC,2,1538,67546685,0,antisense,plus,"(1542, 1546)",AR,GCGGCATGGTGAGCAGAGTGCCC
1009,ATAGGGCACTCTGCTCACCATGC,2,1541,67546688,0,antisense,plus,"(1545, 1549)",AR,GCATGGTGAGCAGAGTGCCCTAT
1010,GGGACTGGGATAGGGCACTCTGC,2,1550,67546697,0,antisense,plus,"(1554, 1558)",AR,GCAGAGTGCCCTATCCCAGTCCC
1012,GACACAAGTGGGACTGGGATAGG,2,1559,67546706,0,antisense,plus,"(1563, 1567)",AR,CCTATCCCAGTCCCACTTGTGTC
1013,TTTTGACACAAGTGGGACTGGGA,0,1563,67546710,0,antisense,plus,"(1567, 1571)",AR,TCCCAGTCCCACTTGTGTCAAAA
1014,CTTTTGACACAAGTGGGACTGGG,1,1564,67546711,0,antisense,plus,"(1568, 1572)",AR,CCCAGTCCCACTTGTGTCAAAAG
1015,TTTCGCTTTTGACACAAGTGGGA,0,1569,67546716,0,antisense,plus,"(1573, 1577)",AR,TCCCACTTGTGTCAAAAGCGAAA
1016,ATTTCGCTTTTGACACAAGTGGG,1,1570,67546717,0,antisense,plus,"(1574, 1578)",AR,CCCACTTGTGTCAAAAGCGAAAT
1017,CATTTCGCTTTTGACACAAGTGG,2,1571,67546718,0,antisense,plus,"(1575, 1579)",AR,CCACTTGTGTCAAAAGCGAAATG
1018,CCCATTTCGCTTTTGACACAAGT,1,1573,67546720,0,antisense,plus,"(1577, 1581)",AR,ACTTGTGTCAAAAGCGAAATGGG
1020,ATCCATCCAGGGGCCCATTTCGC,2,1586,67546733,0,antisense,plus,"(1590, 1594)",AR,GCGAAATGGGCCCCTGGATGGAT
1021,GGAGTAGCTATCCATCCAGGGGC,2,1595,67546742,0,antisense,plus,"(1599, 1603)",AR,GCCCCTGGATGGATAGCTACTCC
1022,GTCCCCGTAAGGTCCGGAGTAGC,2,1610,67546757,0,antisense,plus,"(1614, 1618)",AR,GCTACTCCGGACCTTACGGGGAC
1023,CATGTCCCCGTAAGGTCCGGAGT,2,1613,67546760,0,antisense,plus,"(1617, 1621)",AR,ACTCCGGACCTTACGGGGACATG
1024,CGCATGTCCCCGTAAGGTCCGGA,1,1615,67546762,0,antisense,plus,"(1619, 1623)",AR,TCCGGACCTTACGGGGACATGCG
1026,cttacCGCATGTCCCCGTAAGGT,0,1620,67546767,0,antisense,plus,"(1624, 1628)",AR,ACCTTACGGGGACATGCGgtaag
1028,TGGCAGTCTCCAAActggaaaga,0,13,67643269,1,antisense,plus,"(17, 21)",AR,tctttccagTTTGGAGACTGCCA
1029,TCCCTGGCAGTCTCCAAActgga,1,17,67643273,1,antisense,plus,"(21, 25)",AR,tccagTTTGGAGACTGCCAGGGA
1030,GTCCCTGGCAGTCTCCAAActgg,2,18,67643274,1,antisense,plus,"(22, 26)",AR,ccagTTTGGAGACTGCCAGGGAC
1031,GGCAAAACATGGTCCCTGGCAGT,1,29,67643285,1,antisense,plus,"(33, 37)",AR,ACTGCCAGGGACCATGTTTTGCC
1032,ATGGGCAAAACATGGTCCCTGGC,1,32,67643288,1,antisense,plus,"(36, 40)",AR,GCCAGGGACCATGTTTTGCCCAT
1033,AATGGGCAAAACATGGTCCCTGG,2,33,67643289,1,antisense,plus,"(37, 41)",AR,CCAGGGACCATGTTTTGCCCATT
1034,ATAGTCAATGGGCAAAACATGGT,2,39,67643295,1,antisense,plus,"(43, 47)",AR,ACCATGTTTTGCCCATTGACTAT
1035,AATAGTCAATGGGCAAAACATGG,0,40,67643296,1,antisense,plus,"(44, 48)",AR,CCATGTTTTGCCCATTGACTATT
1036,CTTCTGGGGTGGAAAGTAATAGT,2,57,67643313,1,antisense,plus,"(61, 65)",AR,ACTATTACTTTCCACCCCAGAAG
1039,ATCAGGCAGGTCTTCTGGGGTGG,1,68,67643324,1,antisense,plus,"(72, 76)",AR,CCACCCCAGAAGACCTGCCTGAT
1040,AGATCAGGCAGGTCTTCTGGGGT,0,70,67643326,1,antisense,plus,"(74, 78)",AR,ACCCCAGAAGACCTGCCTGATCT
1041,CAGATCAGGCAGGTCTTCTGGGG,1,71,67643327,1,antisense,plus,"(75, 79)",AR,CCCCAGAAGACCTGCCTGATCTG
1042,ACAGATCAGGCAGGTCTTCTGGG,2,72,67643328,1,antisense,plus,"(76, 80)",AR,CCCAGAAGACCTGCCTGATCTGT
1043,CACAGATCAGGCAGGTCTTCTGG,0,73,67643329,1,antisense,plus,"(77, 81)",AR,CCAGAAGACCTGCCTGATCTGTG
1045,TTCATCTCCACAGATCAGGCAGG,2,81,67643337,1,antisense,plus,"(85, 89)",AR,CCTGCCTGATCTGTGGAGATGAA
1046,AGCTTCATCTCCACAGATCAGGC,2,84,67643340,1,antisense,plus,"(88, 92)",AR,GCCTGATCTGTGGAGATGAAGCT
1047,AAGCTTCATCTCCACAGATCAGG,0,85,67643341,1,antisense,plus,"(89, 93)",AR,CCTGATCTGTGGAGATGAAGCTT
1049,AGAGCTCCATAGTGACACCCAGA,1,107,67643363,1,antisense,plus,"(111, 115)",AR,TCTGGGTGTCACTATGGAGCTCT
1050,TCCACATGTGAGAGCTCCATAGT,2,117,67643373,1,antisense,plus,"(121, 125)",AR,ACTATGGAGCTCTCACATGTGGA
1051,TTGCAGCTTCCACATGTGAGAGC,1,125,67643381,1,antisense,plus,"(129, 133)",AR,GCTCTCACATGTGGAAGCTGCAA
1053,GACCTTGCAGCTTCCACATGTGA,2,129,67643385,1,antisense,plus,"(133, 137)",AR,TCACATGTGGAAGCTGCAAGGTC
1054,AAGACCTTGCAGCTTCCACATGT,1,131,67643387,1,antisense,plus,"(135, 139)",AR,ACATGTGGAAGCTGCAAGGTCTT
1055,GGCTCTTTTGAAGAAGACCTTGC,2,144,67643400,1,antisense,plus,"(148, 152)",AR,GCAAGGTCTTCTTCAAAAGAGCC
1056,TTCAGCGGCTCTTTTGAAGAAGA,2,150,67643406,1,antisense,plus,"(154, 158)",AR,TCTTCTTCAAAAGAGCCGCTGAA
1058,tttacCTTCAGCGGCTCTTTTGA,2,156,67643412,1,antisense,plus,"(160, 164)",AR,TCAAAAGAGCCGCTGAAGgtaaa
1059,GGTACTTCTGTTTCCctgggaga,0,14,67686024,2,antisense,plus,"(18, 22)",AR,tctcccagGGAAACAGAAGTACC
1060,CAGGTACTTCTGTTTCCctggga,2,16,67686026,2,antisense,plus,"(20, 24)",AR,tcccagGGAAACAGAAGTACCTG
1061,ACAGGTACTTCTGTTTCCctggg,0,17,67686027,2,antisense,plus,"(21, 25)",AR,cccagGGAAACAGAAGTACCTGT
1062,TGCTGGCGCACAGGTACTTCTGT,0,26,67686036,2,antisense,plus,"(30, 34)",AR,ACAGAAGTACCTGTGCGCCAGCA
1063,ATCATTTCTGCTGGCGCACAGGT,2,34,67686044,2,antisense,plus,"(38, 42)",AR,ACCTGTGCGCCAGCAGAAATGAT
1064,AATCATTTCTGCTGGCGCACAGG,0,35,67686045,2,antisense,plus,"(39, 43)",AR,CCTGTGCGCCAGCAGAAATGATT
1065,AGTGCAATCATTTCTGCTGGCGC,2,40,67686050,2,antisense,plus,"(44, 48)",AR,GCGCCAGCAGAAATGATTGCACT
1066,ATAGTGCAATCATTTCTGCTGGC,1,42,67686052,2,antisense,plus,"(46, 50)",AR,GCCAGCAGAAATGATTGCACTAT
1067,AATAGTGCAATCATTTCTGCTGG,2,43,67686053,2,antisense,plus,"(47, 51)",AR,CCAGCAGAAATGATTGCACTATT
1069,TTCCTTCGGAATTTATCAATAGT,1,60,67686070,2,antisense,plus,"(64, 68)",AR,ACTATTGATAAATTCCGAAGGAA
1070,AGATGGACAATTTTTCCTTCGGA,2,73,67686083,2,antisense,plus,"(77, 81)",AR,TCCGAAGGAAAAATTGTCCATCT
1071,ATTTCCGAAGACGACAAGATGGA,0,89,67686099,2,antisense,plus,"(93, 97)",AR,TCCATCTTGTCGTCTTCGGAAAT
1072,CATTTCCGAAGACGACAAGATGG,1,90,67686100,2,antisense,plus,"(94, 98)",AR,CCATCTTGTCGTCTTCGGAAATG
1073,TAACATTTCCGAAGACGACAAGA,1,93,67686103,2,antisense,plus,"(97, 101)",AR,TCTTGTCGTCTTCGGAAATGTTA
1074,CTTCATAACATTTCCGAAGACGA,0,98,67686108,2,antisense,plus,"(102, 106)",AR,TCGTCTTCGGAAATGTTATGAAG
1075,CTGCTTCATAACATTTCCGAAGA,0,101,67686111,2,antisense,plus,"(105, 109)",AR,TCTTCGGAAATGTTATGAAGCAG
1076,TCCCTGCTTCATAACATTTCCGA,0,104,67686114,2,antisense,plus,"(108, 112)",AR,TCGGAAATGTTATGAAGCAGGGA
1077,ttacCTCCCAGAGTCATCCCTGC,1,120,67686130,2,antisense,plus,"(124, 128)",AR,GCAGGGATGACTCTGGGAGgtaa
1078,TTCCGGGctattgggaaggaaga,1,6,67711408,3,antisense,plus,"(10, 14)",AR,tcttccttcccaatagCCCGGAA
1079,AGCTTCCGGGctattgggaagga,1,9,67711411,3,antisense,plus,"(13, 17)",AR,tccttcccaatagCCCGGAAGCT
1080,CAGCTTCCGGGctattgggaagg,2,10,67711412,3,antisense,plus,"(14, 18)",AR,ccttcccaatagCCCGGAAGCTG
1081,CTTCAGCTTCCGGGctattggga,2,13,67711415,3,antisense,plus,"(17, 21)",AR,tcccaatagCCCGGAAGCTGAAG
1082,TCTTCAGCTTCCGGGctattggg,0,14,67711416,3,antisense,plus,"(18, 22)",AR,cccaatagCCCGGAAGCTGAAGA
1083,TTCTTCAGCTTCCGGGctattgg,1,15,67711417,3,antisense,plus,"(19, 23)",AR,ccaatagCCCGGAAGCTGAAGAA
1084,TACCAAGTTTCTTCAGCTTCCGG,0,23,67711425,3,antisense,plus,"(27, 31)",AR,CCGGAAGCTGAAGAAACTTGGTA
1085,CTCCTTCCTCCTGTAGTTTCAGA,0,47,67711449,3,antisense,plus,"(51, 55)",AR,TCTGAAACTACAGGAGGAAGGAG
1086,AAGCCTCTCCTTCCTCCTGTAGT,0,53,67711455,3,antisense,plus,"(57, 61)",AR,ACTACAGGAGGAAGGAGAGGCTT
1087,TGGAAGCCTCTCCTTCCTCCTGT,0,56,67711458,3,antisense,plus,"(60, 64)",AR,ACAGGAGGAAGGAGAGGCTTCCA
1088,GTGGGGCTGGTGGTGCTGGAAGC,1,72,67711474,3,antisense,plus,"(76, 80)",AR,GCTTCCAGCACCACCAGCCCCAC
1089,CTCCTCAGTGGGGCTGGTGGTGC,2,79,67711481,3,antisense,plus,"(83, 87)",AR,GCACCACCAGCCCCACTGAGGAG
1090,GTCTCCTCAGTGGGGCTGGTGGT,1,81,67711483,3,antisense,plus,"(85, 89)",AR,ACCACCAGCCCCACTGAGGAGAC
1091,TGTCTCCTCAGTGGGGCTGGTGG,2,82,67711484,3,antisense,plus,"(86, 90)",AR,CCACCAGCCCCACTGAGGAGACA
1092,GTTGTCTCCTCAGTGGGGCTGGT,1,84,67711486,3,antisense,plus,"(88, 92)",AR,ACCAGCCCCACTGAGGAGACAAC
1093,GGTTGTCTCCTCAGTGGGGCTGG,2,85,67711487,3,antisense,plus,"(89, 93)",AR,CCAGCCCCACTGAGGAGACAACC
1094,CTTCTGGGTTGTCTCCTCAGTGG,2,91,67711493,3,antisense,plus,"(95, 99)",AR,CCACTGAGGAGACAACCCAGAAG
1095,AGCTTCTGGGTTGTCTCCTCAGT,1,93,67711495,3,antisense,plus,"(97, 101)",AR,ACTGAGGAGACAACCCAGAAGCT
1096,GACACTGTCAGCTTCTGGGTTGT,1,102,67711504,3,antisense,plus,"(106, 110)",AR,ACAACCCAGAAGCTGACAGTGTC
1097,TGTGACACTGTCAGCTTCTGGGT,1,105,67711507,3,antisense,plus,"(109, 113)",AR,ACCCAGAAGCTGACAGTGTCACA
1098,GTGTGACACTGTCAGCTTCTGGG,2,106,67711508,3,antisense,plus,"(110, 114)",AR,CCCAGAAGCTGACAGTGTCACAC
1099,TGTGTGACACTGTCAGCTTCTGG,0,107,67711509,3,antisense,plus,"(111, 115)",AR,CCAGAAGCTGACAGTGTCACACA
1100,CTTCAATGTGTGACACTGTCAGC,0,113,67711515,3,antisense,plus,"(117, 121)",AR,GCTGACAGTGTCACACATTGAAG
1101,TAGCCTTCAATGTGTGACACTGT,1,117,67711519,3,antisense,plus,"(121, 125)",AR,ACAGTGTCACACATTGAAGGCTA
1102,CATTCATAGCCTTCAATGTGTGA,1,123,67711525,3,antisense,plus,"(127, 131)",AR,TCACACATTGAAGGCTATGAATG
1103,GACATTCATAGCCTTCAATGTGT,0,125,67711527,3,antisense,plus,"(129, 133)",AR,ACACATTGAAGGCTATGAATGTC
1104,CTGACATTCATAGCCTTCAATGT,2,127,67711529,3,antisense,plus,"(131, 135)",AR,ACATTGAAGGCTATGAATGTCAG
1105,GGACATTCAGAAAGATGGGCTGA,0,146,67711548,3,antisense,plus,"(150, 154)",AR,TCAGCCCATCTTTCTGAATGTCC
1108,TTCCAGGACATTCAGAAAGATGG,2,151,67711553,3,antisense,plus,"(155, 159)",AR,CCATCTTTCTGAATGTCCTGGAA
1109,GGCTTCCAGGACATTCAGAAAGA,2,154,67711556,3,antisense,plus,"(158, 162)",AR,TCTTTCTGAATGTCCTGGAAGCC
1110,CAATGGCTTCCAGGACATTCAGA,0,158,67711560,3,antisense,plus,"(162, 166)",AR,TCTGAATGTCCTGGAAGCCATTG
1111,ACCTGGCTCAATGGCTTCCAGGA,2,166,67711568,3,antisense,plus,"(170, 174)",AR,TCCTGGAAGCCATTGAGCCAGGT
1112,CACCTGGCTCAATGGCTTCCAGG,0,167,67711569,3,antisense,plus,"(171, 175)",AR,CCTGGAAGCCATTGAGCCAGGTG
1113,CACACTACACCTGGCTCAATGGC,1,174,67711576,3,antisense,plus,"(178, 182)",AR,GCCATTGAGCCAGGTGTAGTGTG
1114,ACACACTACACCTGGCTCAATGG,2,175,67711577,3,antisense,plus,"(179, 183)",AR,CCATTGAGCCAGGTGTAGTGTGT
1115,GTCCAGCACACACTACACCTGGC,0,182,67711584,3,antisense,plus,"(186, 190)",AR,GCCAGGTGTAGTGTGTGCTGGAC
1116,TGTCCAGCACACACTACACCTGG,1,183,67711585,3,antisense,plus,"(187, 191)",AR,CCAGGTGTAGTGTGTGCTGGACA
1117,AGTCGGGCTGGTTGTTGTCGTGT,0,203,67711605,3,antisense,plus,"(207, 211)",AR,ACACGACAACAACCAGCCCGACT
1118,GGAGTCGGGCTGGTTGTTGTCGT,2,205,67711607,3,antisense,plus,"(209, 213)",AR,ACGACAACAACCAGCCCGACTCC
1119,GGCTGCAAAGGAGTCGGGCTGGT,2,214,67711616,3,antisense,plus,"(218, 222)",AR,ACCAGCCCGACTCCTTTGCAGCC
1120,AGGCTGCAAAGGAGTCGGGCTGG,0,215,67711617,3,antisense,plus,"(219, 223)",AR,CCAGCCCGACTCCTTTGCAGCCT
1122,AGCAAGGCTGCAAAGGAGTCGGG,1,219,67711621,3,antisense,plus,"(223, 227)",AR,CCCGACTCCTTTGCAGCCTTGCT
1123,GAGCAAGGCTGCAAAGGAGTCGG,2,220,67711622,3,antisense,plus,"(224, 228)",AR,CCGACTCCTTTGCAGCCTTGCTC
1124,AGAGAGCAAGGCTGCAAAGGAGT,2,223,67711625,3,antisense,plus,"(227, 231)",AR,ACTCCTTTGCAGCCTTGCTCTCT
1125,TTGAGGCTAGAGAGCAAGGCTGC,1,231,67711633,3,antisense,plus,"(235, 239)",AR,GCAGCCTTGCTCTCTAGCCTCAA
1130,GTCTCTCTCCCAGTTCATTGAGG,0,248,67711650,3,antisense,plus,"(252, 256)",AR,CCTCAATGAACTGGGAGAGAGAC
1131,CTGTCTCTCTCCCAGTTCATTGA,2,250,67711652,3,antisense,plus,"(254, 258)",AR,TCAATGAACTGGGAGAGAGACAG
1132,GTACAAGCTGTCTCTCTCCCAGT,0,257,67711659,3,antisense,plus,"(261, 265)",AR,ACTGGGAGAGAGACAGCTTGTAC
1136,GGCCTTGGCCCACTTGACCACGT,2,280,67711682,3,antisense,plus,"(284, 288)",AR,ACGTGGTCAAGTGGGCCAAGGCC
1137,AGGCAAGGCCTTGGCCCACTTGA,2,286,67711688,3,antisense,plus,"(290, 294)",AR,TCAAGTGGGCCAAGGCCTTGCCT
1139,AAGCctggagaagaagaggcaga,1,3,67717481,4,antisense,plus,"(7, 11)",AR,tctgcctcttcttctccagGCTT
1140,CGGAAGCctggagaagaagaggc,1,6,67717484,4,antisense,plus,"(10, 14)",AR,gcctcttcttctccagGCTTCCG
1141,GCGGAAGCctggagaagaagagg,2,7,67717485,4,antisense,plus,"(11, 15)",AR,cctcttcttctccagGCTTCCGC
1142,TTGCGGAAGCctggagaagaaga,1,9,67717487,4,antisense,plus,"(13, 17)",AR,tcttcttctccagGCTTCCGCAA
1143,AAGTTGCGGAAGCctggagaaga,1,12,67717490,4,antisense,plus,"(16, 20)",AR,tcttctccagGCTTCCGCAACTT
1144,GTCCACGTGTAAGTTGCGGAAGC,2,22,67717500,4,antisense,plus,"(26, 30)",AR,GCTTCCGCAACTTACACGTGGAC
1145,GTCGTCCACGTGTAAGTTGCGGA,2,25,67717503,4,antisense,plus,"(29, 33)",AR,TCCGCAACTTACACGTGGACGAC
1146,GGTCGTCCACGTGTAAGTTGCGG,0,26,67717504,4,antisense,plus,"(30, 34)",AR,CCGCAACTTACACGTGGACGACC
1147,CTGGTCGTCCACGTGTAAGTTGC,2,28,67717506,4,antisense,plus,"(32, 36)",AR,GCAACTTACACGTGGACGACCAG
1148,CATCTGGTCGTCCACGTGTAAGT,2,31,67717509,4,antisense,plus,"(35, 39)",AR,ACTTACACGTGGACGACCAGATG
1149,CAGCCATCTGGTCGTCCACGTGT,0,35,67717513,4,antisense,plus,"(39, 43)",AR,ACACGTGGACGACCAGATGGCTG
1150,GACAGCCATCTGGTCGTCCACGT,2,37,67717515,4,antisense,plus,"(41, 45)",AR,ACGTGGACGACCAGATGGCTGTC
1151,GTACTGAATGACAGCCATCTGGT,2,46,67717524,4,antisense,plus,"(50, 54)",AR,ACCAGATGGCTGTCATTCAGTAC
1152,AGTACTGAATGACAGCCATCTGG,0,47,67717525,4,antisense,plus,"(51, 55)",AR,CCAGATGGCTGTCATTCAGTACT
1153,ATCCAGGAGTACTGAATGACAGC,1,54,67717532,4,antisense,plus,"(58, 62)",AR,GCTGTCATTCAGTACTCCTGGAT
1155,TGAGCCCCATCCAGGAGTACTGA,0,62,67717540,4,antisense,plus,"(66, 70)",AR,TCAGTACTCCTGGATGGGGCTCA
1156,CACCATGAGCCCCATCCAGGAGT,2,67,67717545,4,antisense,plus,"(71, 75)",AR,ACTCCTGGATGGGGCTCATGGTG
1157,AACACCATGAGCCCCATCCAGGA,1,69,67717547,4,antisense,plus,"(73, 77)",AR,TCCTGGATGGGGCTCATGGTGTT
1158,AAACACCATGAGCCCCATCCAGG,2,70,67717548,4,antisense,plus,"(74, 78)",AR,CCTGGATGGGGCTCATGGTGTTT
1159,AGCCCATGGCAAACACCATGAGC,0,80,67717558,4,antisense,plus,"(84, 88)",AR,GCTCATGGTGTTTGCCATGGGCT
1160,CCAGCCCATGGCAAACACCATGA,2,82,67717560,4,antisense,plus,"(86, 90)",AR,TCATGGTGTTTGCCATGGGCTGG
1161,AGTTGACATTGGTGAAGGATCGC,0,104,67717582,4,antisense,plus,"(108, 112)",AR,GCGATCCTTCACCAATGTCAACT
1162,CATCCTGGAGTTGACATTGGTGA,2,112,67717590,4,antisense,plus,"(116, 120)",AR,TCACCAATGTCAACTCCAGGATG
1163,AGCATCCTGGAGTTGACATTGGT,1,114,67717592,4,antisense,plus,"(118, 122)",AR,ACCAATGTCAACTCCAGGATGCT
1164,GAGCATCCTGGAGTTGACATTGG,2,115,67717593,4,antisense,plus,"(119, 123)",AR,CCAATGTCAACTCCAGGATGCTC
1165,GGGGCGAAGTAGAGCATCCTGGA,1,126,67717604,4,antisense,plus,"(130, 134)",AR,TCCAGGATGCTCTACTTCGCCCC
1166,AGGGGCGAAGTAGAGCATCCTGG,2,127,67717605,4,antisense,plus,"(131, 135)",AR,CCAGGATGCTCTACTTCGCCCCT
1168,AACCAGATCAGGGGCGAAGTAGA,2,136,67717614,4,antisense,plus,"(140, 144)",AR,TCTACTTCGCCCCTGATCTGGTT
1169,GAAAACCAGATCAGGGGCGAAGT,2,139,67717617,4,antisense,plus,"(143, 147)",AR,ACTTCGCCCCTGATCTGGTTTTC
1171,tacTCATTGAAAACCAGATCAGG,1,147,67717625,4,antisense,plus,"(151, 155)",AR,CCTGATCTGGTTTTCAATGAgta
1172,GCATGCGGTACctgggaaggaga,0,10,67721843,5,antisense,plus,"(14, 18)",AR,tctccttcccagGTACCGCATGC
1173,GTGCATGCGGTACctgggaagga,2,12,67721845,5,antisense,plus,"(16, 20)",AR,tccttcccagGTACCGCATGCAC
1174,TGTGCATGCGGTACctgggaagg,0,13,67721846,5,antisense,plus,"(17, 21)",AR,ccttcccagGTACCGCATGCACA
1175,ACTTGTGCATGCGGTACctggga,0,16,67721849,5,antisense,plus,"(20, 24)",AR,tcccagGTACCGCATGCACAAGT
1176,GGACTTGTGCATGCGGTACctgg,2,18,67721851,5,antisense,plus,"(22, 26)",AR,ccagGTACCGCATGCACAAGTCC
1177,CATCCGGGACTTGTGCATGCGGT,2,24,67721857,5,antisense,plus,"(28, 32)",AR,ACCGCATGCACAAGTCCCGGATG
1179,GTACATCCGGGACTTGTGCATGC,2,27,67721860,5,antisense,plus,"(31, 35)",AR,GCATGCACAAGTCCCGGATGTAC
1180,GGCTGTACATCCGGGACTTGTGC,0,31,67721864,5,antisense,plus,"(35, 39)",AR,GCACAAGTCCCGGATGTACAGCC
1181,CTGGCTGTACATCCGGGACTTGT,2,33,67721866,5,antisense,plus,"(37, 41)",AR,ACAAGTCCCGGATGTACAGCCAG
1183,GACACACTGGCTGTACATCCGGG,2,39,67721872,5,antisense,plus,"(43, 47)",AR,CCCGGATGTACAGCCAGTGTGTC
1184,GGACACACTGGCTGTACATCCGG,0,40,67721873,5,antisense,plus,"(44, 48)",AR,CCGGATGTACAGCCAGTGTGTCC
1186,GTGCCTCATTCGGACACACTGGC,2,51,67721884,5,antisense,plus,"(55, 59)",AR,GCCAGTGTGTCCGAATGAGGCAC
1187,GGTGCCTCATTCGGACACACTGG,0,52,67721885,5,antisense,plus,"(56, 60)",AR,CCAGTGTGTCCGAATGAGGCACC
1188,ATCCAAACTCTTGAGAGAGGTGC,0,70,67721903,5,antisense,plus,"(74, 78)",AR,GCACCTCTCTCAAGAGTTTGGAT
1191,GAGCCATCCAAACTCTTGAGAGA,2,75,67721908,5,antisense,plus,"(79, 83)",AR,TCTCTCAAGAGTTTGGATGGCTC
1192,TGGAGCCATCCAAACTCTTGAGA,1,77,67721910,5,antisense,plus,"(81, 85)",AR,TCTCAAGAGTTTGGATGGCTCCA
1193,TTTGGAGCCATCCAAACTCTTGA,0,79,67721912,5,antisense,plus,"(83, 87)",AR,TCAAGAGTTTGGATGGCTCCAAA
1194,ATTCCTGGGGGGTGATTTGGAGC,0,94,67721927,5,antisense,plus,"(98, 102)",AR,GCTCCAAATCACCCCCCAGGAAT
1195,GAATTCCTGGGGGGTGATTTGGA,2,96,67721929,5,antisense,plus,"(100, 104)",AR,TCCAAATCACCCCCCAGGAATTC
1196,GGAATTCCTGGGGGGTGATTTGG,0,97,67721930,5,antisense,plus,"(101, 105)",AR,CCAAATCACCCCCCAGGAATTCC
1198,ATGCACAGGAATTCCTGGGGGGT,1,104,67721937,5,antisense,plus,"(108, 112)",AR,ACCCCCCAGGAATTCCTGTGCAT
1199,CATGCACAGGAATTCCTGGGGGG,2,105,67721938,5,antisense,plus,"(109, 113)",AR,CCCCCCAGGAATTCCTGTGCATG
1201,TTCATGCACAGGAATTCCTGGGG,1,107,67721940,5,antisense,plus,"(111, 115)",AR,CCCCAGGAATTCCTGTGCATGAA
1202,TTTCATGCACAGGAATTCCTGGG,2,108,67721941,5,antisense,plus,"(112, 116)",AR,CCCAGGAATTCCTGTGCATGAAA
1203,CTTTCATGCACAGGAATTCCTGG,0,109,67721942,5,antisense,plus,"(113, 117)",AR,CCAGGAATTCCTGTGCATGAAAG
1204,TAGCAGTGCTTTCATGCACAGGA,2,117,67721950,5,antisense,plus,"(121, 125)",AR,TCCTGTGCATGAAAGCACTGCTA
1205,GTAGCAGTGCTTTCATGCACAGG,0,118,67721951,5,antisense,plus,"(122, 126)",AR,CCTGTGCATGAAAGCACTGCTAC
1206,cTAATGCTGAAGAGTAGCAGTGC,1,131,67721964,5,antisense,plus,"(135, 139)",AR,GCACTGCTACTCTTCAGCATTAg
1207,CCACTGGAActgatgtgggatga,0,8,67722835,6,antisense,plus,"(12, 16)",AR,tcatcccacatcagTTCCAGTGG
1208,CATCCACTGGAActgatgtggga,0,11,67722838,6,antisense,plus,"(15, 19)",AR,tcccacatcagTTCCAGTGGATG
1209,CCATCCACTGGAActgatgtggg,1,12,67722839,6,antisense,plus,"(16, 20)",AR,cccacatcagTTCCAGTGGATGG
1210,CCCATCCACTGGAActgatgtgg,2,13,67722840,6,antisense,plus,"(17, 21)",AR,ccacatcagTTCCAGTGGATGGG
1211,AGCCCATCCACTGGAActgatgt,1,15,67722842,6,antisense,plus,"(19, 23)",AR,acatcagTTCCAGTGGATGGGCT
1212,TTCAGCCCATCCACTGGAActga,1,18,67722845,6,antisense,plus,"(22, 26)",AR,tcagTTCCAGTGGATGGGCTGAA
1213,GATTTTTCAGCCCATCCACTGGA,0,23,67722850,6,antisense,plus,"(27, 31)",AR,TCCAGTGGATGGGCTGAAAAATC
1214,GAAGTTCATCAAAGAATTTTTGA,0,44,67722871,6,antisense,plus,"(48, 52)",AR,TCAAAAATTCTTTGATGAACTTC
1215,GTTCATTCGAAGTTCATCAAAGA,2,52,67722879,6,antisense,plus,"(56, 60)",AR,TCTTTGATGAACTTCGAATGAAC
1216,GTTCCTTGATGTAGTTCATTCGA,0,65,67722892,6,antisense,plus,"(69, 73)",AR,TCGAATGAACTACATCAAGGAAC
1218,GATACGATCGAGTTCCTTGATGT,2,76,67722903,6,antisense,plus,"(80, 84)",AR,ACATCAAGGAACTCGATCGTATC
1219,AATGATACGATCGAGTTCCTTGA,2,79,67722906,6,antisense,plus,"(83, 87)",AR,TCAAGGAACTCGATCGTATCATT
1220,TGCATGCAATGATACGATCGAGT,0,86,67722913,6,antisense,plus,"(90, 94)",AR,ACTCGATCGTATCATTGCATGCA
1221,TTTGCATGCAATGATACGATCGA,2,88,67722915,6,antisense,plus,"(92, 96)",AR,TCGATCGTATCATTGCATGCAAA
1222,ATTTTTTCTTTTGCATGCAATGA,2,97,67722924,6,antisense,plus,"(101, 105)",AR,TCATTGCATGCAAAAGAAAAAAT
1223,AGCGTCTTGAGCAGGATGTGGGA,0,119,67722946,6,antisense,plus,"(123, 127)",AR,TCCCACATCCTGCTCAAGACGCT
1224,AAGCGTCTTGAGCAGGATGTGGG,1,120,67722947,6,antisense,plus,"(124, 128)",AR,CCCACATCCTGCTCAAGACGCTT
1225,GAAGCGTCTTGAGCAGGATGTGG,2,121,67722948,6,antisense,plus,"(125, 129)",AR,CCACATCCTGCTCAAGACGCTTC
1226,TAGAAGCGTCTTGAGCAGGATGT,1,123,67722950,6,antisense,plus,"(127, 131)",AR,ACATCCTGCTCAAGACGCTTCTA
1227,GAGCTGGTAGAAGCGTCTTGAGC,2,130,67722957,6,antisense,plus,"(134, 138)",AR,GCTCAAGACGCTTCTACCAGCTC
1228,GTGAGCTGGTAGAAGCGTCTTGA,1,132,67722959,6,antisense,plus,"(136, 140)",AR,TCAAGACGCTTCTACCAGCTCAC
1229,GAGCTTGGTGAGCTGGTAGAAGC,2,139,67722966,6,antisense,plus,"(143, 147)",AR,GCTTCTACCAGCTCACCAAGCTC
1230,CAGGAGCTTGGTGAGCTGGTAGA,2,142,67722969,6,antisense,plus,"(146, 150)",AR,TCTACCAGCTCACCAAGCTCCTG
1231,GTCCAGGAGCTTGGTGAGCTGGT,2,145,67722972,6,antisense,plus,"(149, 153)",AR,ACCAGCTCACCAAGCTCCTGGAC
1232,AGTCCAGGAGCTTGGTGAGCTGG,0,146,67722973,6,antisense,plus,"(150, 154)",AR,CCAGCTCACCAAGCTCCTGGACT
1233,CGGAGTCCAGGAGCTTGGTGAGC,0,149,67722976,6,antisense,plus,"(153, 157)",AR,GCTCACCAAGCTCCTGGACTCCG
1234,TGCACGGAGTCCAGGAGCTTGGT,1,153,67722980,6,antisense,plus,"(157, 161)",AR,ACCAAGCTCCTGGACTCCGTGCA
1235,CTGCACGGAGTCCAGGAGCTTGG,2,154,67722981,6,antisense,plus,"(158, 162)",AR,CCAAGCTCCTGGACTCCGTGCAG
1236,cAGGCTGCACGGAGTCCAGGAGC,0,158,67722985,6,antisense,plus,"(162, 166)",AR,GCTCCTGGACTCCGTGCAGCCTg
1237,tacAGGCTGCACGGAGTCCAGGA,2,160,67722987,6,antisense,plus,"(164, 168)",AR,TCCTGGACTCCGTGCAGCCTgta
1238,ttacAGGCTGCACGGAGTCCAGG,0,161,67722988,6,antisense,plus,"(165, 169)",AR,CCTGGACTCCGTGCAGCCTgtaa
1239,AGCTCTCTCGCAATctgtaggga,1,13,67723699,7,antisense,plus,"(17, 21)",AR,tccctacagATTGCGAGAGAGCT
1240,CAGCTCTCTCGCAATctgtaggg,2,14,67723700,7,antisense,plus,"(18, 22)",AR,ccctacagATTGCGAGAGAGCTG
1241,GCAGCTCTCTCGCAATctgtagg,0,15,67723701,7,antisense,plus,"(19, 23)",AR,cctacagATTGCGAGAGAGCTGC
1242,GATGCAGCTCTCTCGCAATctgt,0,18,67723704,7,antisense,plus,"(22, 26)",AR,acagATTGCGAGAGAGCTGCATC
1243,GTGAACTGATGCAGCTCTCTCGC,1,25,67723711,7,antisense,plus,"(29, 33)",AR,GCGAGAGAGCTGCATCAGTTCAC
1244,GGTCAAAAGTGAACTGATGCAGC,0,33,67723719,7,antisense,plus,"(37, 41)",AR,GCTGCATCAGTTCACTTTTGACC
1246,TTAGCAGGTCAAAAGTGAACTGA,0,39,67723725,7,antisense,plus,"(43, 47)",AR,TCAGTTCACTTTTGACCTGCTAA
1248,CACGCTCACCATGTGTGACTTGA,2,62,67723748,7,antisense,plus,"(66, 70)",AR,TCAAGTCACACATGGTGAGCGTG
1249,AAGTCCACGCTCACCATGTGTGA,1,67,67723753,7,antisense,plus,"(71, 75)",AR,TCACACATGGTGAGCGTGGACTT
1250,GAAAGTCCACGCTCACCATGTGT,0,69,67723755,7,antisense,plus,"(73, 77)",AR,ACACATGGTGAGCGTGGACTTTC
1251,CATCATTTCCGGAAAGTCCACGC,2,80,67723766,7,antisense,plus,"(84, 88)",AR,GCGTGGACTTTCCGGAAATGATG
1252,CTCTGCCATCATTTCCGGAAAGT,2,86,67723772,7,antisense,plus,"(90, 94)",AR,ACTTTCCGGAAATGATGGCAGAG
1253,TGATCTCTGCCATCATTTCCGGA,0,90,67723776,7,antisense,plus,"(94, 98)",AR,TCCGGAAATGATGGCAGAGATCA
1254,ATGATCTCTGCCATCATTTCCGG,1,91,67723777,7,antisense,plus,"(95, 99)",AR,CCGGAAATGATGGCAGAGATCAT
1255,ACTTGCACAGAGATGATCTCTGC,1,103,67723789,7,antisense,plus,"(107, 111)",AR,GCAGAGATCATCTCTGTGCAAGT
1256,CTTGGGCACTTGCACAGAGATGA,2,110,67723796,7,antisense,plus,"(114, 118)",AR,TCATCTCTGTGCAAGTGCCCAAG
1257,GATCTTGGGCACTTGCACAGAGA,2,113,67723799,7,antisense,plus,"(117, 121)",AR,TCTCTGTGCAAGTGCCCAAGATC
1258,AGGATCTTGGGCACTTGCACAGA,1,115,67723801,7,antisense,plus,"(119, 123)",AR,TCTGTGCAAGTGCCCAAGATCCT
1259,CTTTCCCAGAAAGGATCTTGGGC,0,126,67723812,7,antisense,plus,"(130, 134)",AR,GCCCAAGATCCTTTCTGGGAAAG
1260,ACTTTCCCAGAAAGGATCTTGGG,1,127,67723813,7,antisense,plus,"(131, 135)",AR,CCCAAGATCCTTTCTGGGAAAGT
1261,GACTTTCCCAGAAAGGATCTTGG,2,128,67723814,7,antisense,plus,"(132, 136)",AR,CCAAGATCCTTTCTGGGAAAGTC
1262,GGGCTTGACTTTCCCAGAAAGGA,2,134,67723820,7,antisense,plus,"(138, 142)",AR,TCCTTTCTGGGAAAGTCAAGCCC
1263,TGGGCTTGACTTTCCCAGAAAGG,0,135,67723821,7,antisense,plus,"(139, 143)",AR,CCTTTCTGGGAAAGTCAAGCCCA
